-- phpMyAdmin SQL Dump
-- version 5.1.1
-- https://www.phpmyadmin.net/
--
-- Servidor: 127.0.0.1
-- Tiempo de generación: 21-10-2021 a las 02:29:39
-- Versión del servidor: 10.4.21-MariaDB
-- Versión de PHP: 7.3.30

SET SQL_MODE = "NO_AUTO_VALUE_ON_ZERO";
START TRANSACTION;
SET time_zone = "+00:00";


/*!40101 SET @OLD_CHARACTER_SET_CLIENT=@@CHARACTER_SET_CLIENT */;
/*!40101 SET @OLD_CHARACTER_SET_RESULTS=@@CHARACTER_SET_RESULTS */;
/*!40101 SET @OLD_COLLATION_CONNECTION=@@COLLATION_CONNECTION */;
/*!40101 SET NAMES utf8mb4 */;

--
-- Base de datos: `pventa`
--

-- --------------------------------------------------------

--
-- Estructura de tabla para la tabla `tb_caja_movimiento`
--

CREATE TABLE `tb_caja_movimiento` (
  `id` int(11) NOT NULL,
  `monto` float NOT NULL,
  `fecha` timestamp NOT NULL DEFAULT current_timestamp(),
  `razon` varchar(150) NOT NULL,
  `id_caja` int(11) NOT NULL,
  `tipo` tinyint(4) NOT NULL,
  `id_usuario` int(11) NOT NULL
) ENGINE=InnoDB DEFAULT CHARSET=utf8;

-- --------------------------------------------------------

--
-- Estructura de tabla para la tabla `tb_clientes`
--

CREATE TABLE `tb_clientes` (
  `id` int(11) NOT NULL,
  `nombre` varchar(60) NOT NULL,
  `identidad` varchar(20) DEFAULT NULL,
  `direccion` varchar(200) NOT NULL,
  `telefono` varchar(10) NOT NULL,
  `correo` varchar(200) NOT NULL,
  `isActive` tinyint(4) NOT NULL DEFAULT 1
) ENGINE=InnoDB DEFAULT CHARSET=latin1;

--
-- Volcado de datos para la tabla `tb_clientes`
--

INSERT INTO `tb_clientes` (`id`, `nombre`, `identidad`, `direccion`, `telefono`, `correo`, `isActive`) VALUES
(1, '-Cliente Standard-', NULL, 'No Aplica', '000', '', 1);

-- --------------------------------------------------------

--
-- Estructura de tabla para la tabla `tb_config`
--

CREATE TABLE `tb_config` (
  `id` int(11) NOT NULL,
  `tema` varchar(20) NOT NULL,
  `nombreEmpresa` varchar(50) NOT NULL,
  `logo` mediumblob DEFAULT NULL,
  `impuesto` tinyint(1) NOT NULL DEFAULT 0,
  `nombreImpuesto` varchar(8) NOT NULL,
  `impuestoPorciento` decimal(4,2) NOT NULL,
  `monedaString` varchar(10) CHARACTER SET utf8 COLLATE utf8_bin NOT NULL,
  `tiketera` varchar(250) DEFAULT NULL
) ENGINE=InnoDB DEFAULT CHARSET=latin1;

--
-- Volcado de datos para la tabla `tb_config`
--

INSERT INTO `tb_config` (`id`, `tema`, `nombreEmpresa`, `logo`, `impuesto`, `nombreImpuesto`, `impuestoPorciento`, `monedaString`, `tiketera`) VALUES
(1, 'skin-blue', 'Multiservicios calderon', 0xffd8ffe000104a46494600010200000100010000ffed009c50686f746f73686f7020332e30003842494d04040000000000801c02670014544d44386452475a6b747a5874516b6f6a4c5a541c0228006246424d4430313030306163323033303030306536333330303030633836643030303061623737303030303236383330303030653961353030303036386538303030303330663330303030353766653030303065363061303130303734383130313030ffe2021c4943435f50524f46494c450001010000020c6c636d73021000006d6e74725247422058595a2007dc00010019000300290039616373704150504c0000000000000000000000000000000000000000000000000000f6d6000100000000d32d6c636d7300000000000000000000000000000000000000000000000000000000000000000000000000000000000000000000000a64657363000000fc0000005e637072740000015c0000000b777470740000016800000014626b70740000017c000000147258595a00000190000000146758595a000001a4000000146258595a000001b80000001472545243000001cc0000004067545243000001cc0000004062545243000001cc0000004064657363000000000000000363320000000000000000000000000000000000000000000000000000000000000000000000000000000000000000000000000000000000000000000000000000000000000000000000000000000000000000000074657874000000004642000058595a20000000000000f6d6000100000000d32d58595a20000000000000031600000333000002a458595a200000000000006fa2000038f50000039058595a2000000000000062990000b785000018da58595a2000000000000024a000000f840000b6cf63757276000000000000001a000000cb01c903630592086b0bf6103f15511b3421f1299032183b92460551775ded6b707a0589b19a7cac69bf7dd3c3e930ffffffdb004300090607080706090808080a0a090b0e170f0e0d0d0e1c14151117221e2323211e2020252a352d2527322820202e3f2f3237393c3c3c242d4246413a46353b3c39ffdb0043010a0a0a0e0c0e1b0f0f1b392620263939393939393939393939393939393939393939393939393939393939393939393939393939393939393939393939393939ffc200110803b103b103002200011101021101ffc4001b00000203010101000000000000000000000001020304050607ffc4001a010101010101010100000000000000000000010203040506ffc4001a010101010101010100000000000000000000010203040506ffda000c0300000111021100000123c08fd0f37a23cf09e85f9d67a13cf3b3d01e7c3d01e7da77df9f6bdf3808f40fcf127a13cf0be84f3ccf40fcf34f40706d3b52e53cbaab910aec9c356775f064770e392f64e38761f1c4ec1c823b0714d4ed1c894bd63931b9ec9c60ed3e20769f15c761f1a4760e64f37a2f9ca3a472d59d57c92ceb3e4b8eabe4ce5ea1cc17a673631d4394f53a8f96e3a8739cbd039f167a67319d339ace89cf94bb9e169b9e04bd27cc474d7343a273dc9bcc2d7698cad8f111b1e20da6255b8c2e37cf05bc77b0cefe67a2f59e1e5ba563aa67a2722be93b6704af389c7f59c5b8848046263221222c64489110910226a02d857a221d3bbd579fae4ddc7cbf2be8fa35e7171ede90f36f59ed79fdbd8f678fc2fa1e7fa1f778f63f367c6fafe90f364be94f341e91f9a0ea737b597e9fcbe91c0abe6fd2ef791f55e63eafcca40f6f8da72236bf4dc7a60eae7e6fcafa9df5e6cf37abd23f344be971f1f777e1cea3d4798fabf2101db95be9b917783dfd63cc1f3be97a6e6733d07a3cbe6c6beb7c97bb0f5f1be93e165f8df6bd279fe9e3f7fcdcb292f5f89b825b081231ba448953113201320448894c40c40c40c40c4e2cb33af275dd3e4c7e2fb3b2729f0df50e6cb2deb1bad6642bc74651fdbf880218818818944889125016442590753af1e5fa9e9a1963ddc5e772d7bae3773cdfc9fa80767c5f43952ec57eef9fcba7b92c6f83381e2f7f52738fddfcff001c71f83fa191deb7d9e1f387a2378f3a7a20a32c5fd2f9b928be8fcffe8bb5e6bd379cfbdf9fcb392fa3f399117a5d5af1fc7fad40b77c8fb389fa45ecf0f9c5e91d79a36e2f17bfa9865abeb7c5e1b567d6f93e8791dbe07c1fd009eff17bf07638fa75ce197b7c6fd27e623d9e4f5e31e5d793f35fabebe2db87ec7c2ce12fa3f31364370649214024602b400d030000000000001a6b6e8cd6f87beab31bf81f4363c10e5d3a472e1a9d75c78e9da38857948b8fedbe63221222a24a24b222b292ddb33ae374fd1f531787d4cbc14f51caf21926bb9c6a970e84a073d7d6f83d2e67cdfa077389de9af047b5a3ef7c3f29ed79db71bca7631fcdf7db5723afedf1f2535f9ffd1773c7fb3e67defcff009c3d0bf6797cf3f40579ff004dc3eee58e8be9fcbfea7b5e73d1f99fbdf9fa507d2f9eda71eaf8bdbe1fe7bf40fb9c3eef2ede77391fd1fe72cd192c93d2717d12f87f6f87d2d5cef479f8bd0e7fa1fa3f3d726fa3f35fa7d1ddc1d0f6783cc96d5e0fa5e87cdf7793f7ff003b9fb3c6ec7a3cd972eacbf99fd5f5f16dc3f63e15091f47e6b13462631395800d0302000600000000000034d6dd19f478fd16ca12fcf7d2928d7e7eb6c72e7ed3a271aaed3be79d353830957faff96c890d5bdfe7af37a3ddf578ebc6f7f571737bdc5f3dcced8eff001b2c7ac8c2706a35d91e3b826bcfb4072bf415c2f6de6f4f0a5287cdfa9aadc05c74ade3be99ef3f3f7f7f372fd2497d5f95c94d7e73f49b2ee69d78f49f30ae9cf916eb1b6497dcf85928be8fcefe97b7e6bd2f98fbdf9fa48bfa5f3db8b5f5fc3ee70ff39fa03bbc2eee37e5107e93f383459a2dc6635b28ae492f51c0ecf8bdbc64ecfcff00e8bb5ceddc1fd0fe6fabcdeef0be37dcdb6f3bbdebf179cecf1bb1f53e4e5cbab2fe6bf55d7c1bf9ff0067e15023e8fcc6d12b13460c1c45909c0d08c4c008621460002008626b65f9a7e3f5ea9e13e0fd5dd1c50e3df79cc8af517296dd63901e6568fa6febbe1f86f41dee6f9f7d08f99e56b1e93878ebf472aeab61da555d95ad709c66a309c66a109c38f4826b86c4d71bafea5c1f450e272317a51f19a7a4f4f9b95e83974e1bba9f8ff6bb53ab4fd6f8be7935f27ed76b4d5e57ec7c3f5e78fb3d3c3d61e46367575799f4bd7965a6ea3f33fa8ed798f51e5fef7c0ced1f4fe7c9a32f5fc4ed71bf3ff7e3dee0f7b8f5f26a51fd37e6db528eb6cd5cef99f46fe66ddb73968e9f0bc9ec5d2e6f47c3efb79fd85f5be3dde7bb7c8f17be9ee70fa1c7bf3fa755bf7bf3d9b2eacbf9cfd3f5f9fd1e6fd9f859c4fe8fcd6263682cd1936f3de6874f9c45a3786e2c76d3b31acd1947596206260000218815666f3fb5ac55fc9fbdd39f265cbd1d77c99c9d3873d5cef3015cafabfc97e8ff007bf3bc6c7d6e575e3084a3d715d7657a95c270aaebb2b6aa8ce13518ca39dc213872e904cf3ed20e37e9dcedb8be77d05d6e4f74f9e59f448fd8f93e07d575a59d7172ca3f9efd0f675679fd5f8dc203e4fdaee794f597fdaf85e361ed97a7cfe257b72cf09e9afab531d3755f9afd376b83d8ddf57e3f923d69ebf37933d6099399e9b81f3fdf93b7c3d3e3f766c9eba7f73e178fbfd542ca785af27c3fb87a2e0fa6f4f9b070fa1cff0037a5ad3d2cef8a768d638a76a271e7038fa3bb975d1f7bf3b8b2eacbf0ff0041d7c96f4be97c9e09de3d7e4e0beea3cfc7b9c1f4f925289bc76abe777bcfe9f3c74f97d78b13de27d1cbbb977e5223d38c8458c4448883114d112bc7a79fcbd9921457f3fed6c9617cfd1be5cf26ba52e5a63ac720b997b1f1ddcfaff03d4f9af65e2e6484a3e9e31ae70aae13aed8556572d709c1b5171c6a30b219dd69af2744071bedf6f88fa5f9fbf10dd8fe6fd452812ca127517a7a9d78c2be475becfc5e4923e17df81325813120e41dacbab27daf858eabeaf8ff0072248c6a24858925acfa4c72abeb7c5e4aedf37e5fd7cc4973e8002766ed6576f357f4be570a127f37eb75f2743cb7dcf81d4394fdbe3ea74fccede5d2ecdd8e4fe7bf45d2dfc3f4dedf0f9ccbaf2f87e822473e90262c09ab3bde77d179dfd0fe65b83f4f965d0e6ca6bd4f26dea79bd7e54dd83bf97a975b571f4f21eb9f4e1cf037c8242c49c4422c684b4e0db8b9fb798a51f9df6e4e0f9f6b2550b7140cde505955d4d5f6bf3ff61f03ed7caf9d86247dbc14255a2ae75dd46a9d6b08ca134a328e37184e18dc62d797680e34db883eada3c93ebcfd5bf98dd5f498fcf67d31ed38bc73b729f6f836f4c7ba5e161e6edef4f04cf7abc207bb7e103d472f96bb72f76fc2be3d3dc9e19cbee0f0ed3dc2f101dbe3c25e8e3daeaf8f7cf7eddf88972e9ed4f1647afc1e7cebcf57a0f2a6b3eccf1af974ec71d1df8c846b12941afa6d5e41f9fbfadc7e7d1eb5f92966fab7e4c97d61e503d59e51a7678c8efc653af4256746cc6f95e879cf9f4ecf07d0ae7da146f86758f9bd58ef1c7976d6b1cc93e76b3af156baf0623596889461dd879fb398a4be7fda6d4b97a1b529d01b9604cac955b5fdbfccfd0a8c1ddf2ebc8a89eff290236a8382c6bb2b5829c66a11b4cea985eb86a88e9396b32d471de67aadcde977b83ed7b71f9cdde86ced9e05be86773e78f4961e66cf4e66f937eb1af933d735f20fd7b3c83f5ecf1efd8393c73f621e3cf6123c71ec99e35fb223c71ec99e30f66d7c5bf68e3c54bd9b4f187b371e2cf682f8c3d9b3c5bf661e325ec9478e3d9078d7ec43c73f60278f3d7b3c81ebc5f227ae0f22fd687923d6b3c89eb43ca6cef99b8345e63ad5684a0015ba6e7373f7d3d7962a3765ebc3346cafaf240ac6845387661e5eec011f9bf6e6fa3ddcebc93f59c939124a749912da2ab6afb5f9beb7d0be55f5cf274f9a96e6f779a5023a1070520455a8a9a6a31cea4ab879f77141c357bcc73ba678c97a3f43f967bdebce3455cef470ec4f94b53b13e14ecf410e254be88af838d7a37e5dee7a87e583d51e584f5679523d5bf28cf54fca33d54bca87ab3c9b8f58737919d7a97e4a5acfac7e4c4f5879325f58fc933d69e499eb0f261eb1f9367ab3ca38f54fca15eacf2ae3d51e559ea4f2ccf507970f5279724f5079775e9df970f50bcc38f4cfcc07a79f97ee637d99a7e7f511940f3dcef55e5fd5e4824fbf9c00010d2438152d78377638fb7cbfadec1e3f7b446592c5b971f92f731cebe767b9274f9f576d5f63e2c3e9ff0031f71e6e9838dea7c9fa38ca2a3d72e04548b8aa42c6e319431a2128f0da4d70a018a001ebbc8f7379eef9bf67e17d9e7e96be569e98e9598b7b141ab562f73c8fafc9e6f4799bfd6d95e1dfb2cf678ebbbdd4d67caf3fe83e6ce64fd867cdf1dd2eaf44f132ed6fde389cef59c2976717d761cde7d3e9d4be46febf5b53ccf37def98ac97fa2b717c47465e9379f2bcff0043e7baf39eba7d5e6f91d3a3ab2f97947675e53b7d24bc9e9f297fa0b97c4dda7b7d39f271fa8e7637cad5d68c9e661751eaf3c846a3110c5746cf4b91793dbae8c59a5f47c9eaf9d8eff331f7acf18ba7caf5f92491ac35182ce10d1359ba3d7dbcbad17472f2f56b787670f6481cb823ab0dd750aad98004f984270fabf361e8fceede3bf77e03e9df3165448fa70d24d1171cd138e74a2e38d28b5e6d8838d008000d791d7d47e7deebca7afcfcfbb35bdb3b36f2f66f1a7b3e7bd2f2bd1bf99d1f2778edf33dc8a9e4bcba9d98e3561d9556af33d2e6f4e7e9ebbb93c7af2bafcebfbf1b79de979b9d6bb336de7bf31e9399b37965bc397bd935519baf1d9cdae77aaf33dce98f3d83d179ef470b7d978bf67cba4383ddf279b575f93e83b73ed65cbabc9e976f13b298acb2729caf41e7359ea65afaabe417421eaf2e23a79acca7579c47b7cee973e9a38b1acd55d32b9f65c0edf27cfe9e17a2f3f3f4f9fd3f99f43978f6e04275fa7cd1974fb9cfa72fa8e9e7d2dcbc8f3bb9d4e2566fbdbdbe359e2fb3efedf29eb33e721639ce2c4030f97d76c7eb7ccad4a18d7d57c07abe2f0d79d88bd7cda232b8b8cd0859aa22e1b40b8500e740002c20777bdbcac9e8b9fe8e1e26cb0ea34e69ef1b3b5c5a23b1d4f2538ea74bccc93bf679cdb9bee72d7e73cfd766ee33edcb6471cb53d359e6a5cba753a3e6ae8ead18da59bb9d33a9c3d493472b72d4bf25aa3ad8698e377ede5bb32e0eaaedcf9bea79bd6e3d38bcaebc3a6397d8ad95eecaf372f4f2b4b77f2a59dede7c95cf5f1e786757531af78e9f34567538b7c88d57c759cb2d0f5334ae23d160d397cdebe2c6dafd5e4bbb3c2ee71ef837ecaa6dd32f9fd77b8fce5e8e56451a400cfa6eb69eff008bec60f7d9f473f3b88dcd3486223e675caafaff00314651e7bf59b7cffb2f3efe6d10f560125111cd10b96926b8684ce553dde853c9753dcede99f33ddbce99ae8d30d73cf6d53cde0d1eb79d9d793abb987d3c6153bfa671b9ad44343b2b9a6de972fd070ea8db679faf34e9173ce7d125e7bde180de181ee25c52d6cc8f538c92d2d733d24677a199ddeca256ca5ce682a834119cd08a4ba2565888120846caeccb8a9a3d3e6d663378d6631351951a96555aa39207a9cf8fa3e7f4f9feb74eeb108c7469aa3e7feca167837a73fab9c09caa9dde83d279fb733a913cdea18b3b68403c35b4f261e72bb2bfa7f39294736dfa87ca3e97e7e9f3aa3b3c4ef1a12891ca8aced71bc1d1ee3b7978bf45d085cd846ea8ba7835e8b1788e547abe7f2bd29b3d3e4e873d479fb392cd5c0bb97eae776ee46de9ceda7a51d73e72dd0d6729a216eaf45c8eef93d32b2b9f28c46f9c840c4c00000620622189ab1031037170c42c8891375b2640599009a8b9589ac736be763af029953f43c36103799909ca0d108b25af5763b3c7b64dd038f649ba4479e9ab9f2dace5dfa1cd67f39eadaf90f4ba6b250636c44ee013655caf1f33d7f356db9c65369554270fa7e349acd8fb7f11e8f86eef23f42f113590f59e823c37a0f4eb2a34a72555dfc64ebaf0fc3cebdc70387af6ccbada6e725b3aba67574f87e832ef68cd3f2f4871fa3cddce7725e7f5626e97bcecdfc9d378f42fc70b9e84716acdeb74b2ebf1faa328bd71623599110908188188244424e0d64442444891163104840c40c4122212112b1037196753e3767cf63b726b9c3e978402c9dafa7cf7cd8f57267783d4f9ff00498b709f2ee4aacf26acd545336ed5a229b9b9b438c3ae26898b51a0505e6a74eef8be2d19099200e802b74270fa1e749acd8f439e72d7d5482e1ab48c4b1703ce4bee3cff008eb25d783a3d3b3cf762e876c591aa1d7139d06b38ebd397876d3eb783e870ea159c2d7cce9723acf3f4dd9fd39b8cd34baeab573ec68a099bb466e877f1f6b5556787d8c476f2b13462062064acc74cf1dc63a61b1d1be5783d4409184e582b658e99cd1483cf6f4e73108c42c841222448884ada3463a1e77d2e3e5dfce61fa2783f5f9b2ca12f4f0ed7430eef17ad47a31e5bf3fa7672fd1c3b96733a33a63e777ebc2adcacce9364d118d74d35a8812010ab39dc1f2cbd0e527760e5a912db36ceb6db5ce3aa46584a3e8e09352a8c973befa7f3d8f0e9e8fcf743449c5dfd6ab799141d333aacaec9d7742a957d79b6d7d4a35314de43afd8f3de8bcfbd60b8ea3e6bd3f96d38b5df4fa31669af5f9fdd5c9579ebaabb28961e87ccfacf47caeb93afcfd2423d3e46206207385d9dcf442df2fadc892c39dd4a6e79d765d5dfcd1885939ab78fa1d8598e89581cec5dae375e17baacedc1881b8912103103d7936f2ef5d0e7cbbeef05ef3c37a3cf8664fd9e6ec7470edf0fafa16e6bf975e773badcdebcb9bd9f3da3d5e5f4f6f3b679fd3a8a4e7b9d44b48b0a40245e6f23677bc7d16f4ce68744e99e4c7a94deb85e88dd52e71a25164c806984e1be220cd2da3a58ba3bfe6b7665138bb21568aed957a34b3cddfa6c8e47497371bdd43d99be7e3e8b3af12fe9dd9b83bb9ba7cedc048bcd7a4e1749c2a36e4f5739a93e5e9baea9f83eac2bd19bdff297b2f21ee7873d355954cb11e8f3310300968aede1e8bad84f8f79b4c23281c8d3468ede7a64ac27757771f44a7190c40b9bd2cd73cbbf1ebf578db889222c6209110b76e5d5c3d5ca961cd5dae2f439dd39648cebefc67e87c3fb7f17b74dd92e85cae9f27539f977ddeaf353dce7519be92592fe7dac48940c06ef3bc5c7ac45df774e745ba2ce9cf39a2bde71e5d59fa75a216477d6b53534a4a5cc0c8709399842fab363af1eacde886dbceab63d4e7be66858d3a59bcf56bd6e7d129ad9dcf3debf9eafd11d9c919d956695d94d95d1a21639299573bb3469e2b274327bb8c75645c3d9a73d9a78fa4aaeab1a7eefc9faedfceaab9d7ae4c475e32221222cd7252f2faef9c278e9313084e072f467d3d78c1ca39d5f657663a4dc58dc58576413cfebc9abd7e36d172c40c40c41b34576797d9e63b9c2ef59d0f0beebc074e7457187b7cd2f43e6bbbe2f675eda9f3b3a2d954f756b368f3fa61dfcfd3d79b55dbaf93e3f3aeef9e85dd39bba36f4e73b213d627654f58b212759e9d90bdb9f57461ad7361d18675cf3a063580dc498f3be9f1e9929e973f523a6bec696ede52ccecf3a35e379714f21654353567da9abd479df4bcdb2f2ce7470ae5938dc539f657651655625d0939797e53e83c5f467cc53b327af8c2fa09bd94d4f9efd277b9fb3cb6306ba701a37cd881ca135d73aecf27aee94279de4f0d523dcf47ca7aa399af1eeebc6116b1d2f9d73cea7c9d7f273d3fb4f11dc3d3572ad381af26af678988b24442444244652f523662f1fb791dee161e98f6bf3fb70fa3842b9c7d3cabdb9ece5d7d8c2cafc7dda2821e23b7c2eb2aee728e98eef3b1caa9b2766b31b1d9bc2b095c0c2c908491085cdb1aa16db5c5364266774c74bceb21ac8c1d1cb567ac050c6a1d2e6cf53a31c662ee31ce58e6d14ef3124ec7bb1ecadfe9f87d6f3def0aee1bcd4eaa8cf7571d4bf34ab46a217baa4b3b2ab05e2bdcf99ed9f3207bb839c34c7b2b6cabe67aab2d7e9f1d6e65916c14e32cdb6c83f2fb2e4619af95efe648f43f46f92fd5931eba6cebca0073e9758ac9af17e23da7933d2dfc5b0fa6e4d1cdd6325d17ebf1b001a06207755b33ad5c8ebf9ef27b5f9df47e67dde4888f47171932d7759cbafa4aacafc5e82130f278fd164f571e3aeb51d3185ed2b1cee8eb3191244c2c6211b444a4a77932c93964aba116b95575e39efc75d778ebc73b04bc285270f55c52cb65432d5528ba7999a61546af79dd9af462d7677ba9cfec71b6edc0b37a50a1c3aa75d918bc355f478dd924e04686825cbe961af0e531f46747a5e5fbde761967471d5c6287b7c1ba3867a9a8a896e9648275cc77f93dba71e87cbb7c7cd19cee7d17cdf7f589913a739351e7d76db4d99d791f25eabc99975f3bb47d3f89d1e6f7e136976f3c840c4c2c76c2d7468e5dacf29eabc7f0f469f35ab89eae3d0301b9d19f36e3b7d6e0fa8e7ab1cce3aaabba35281a4c2ba17d71e8ee413ce63eff2fb73e517c3d7ca0e674c846116aa239baa58c937cb9cd8e84b9c8e8c79f09ae92e629ae91cd25e583f17b1315369893500d8137a9093565baf0ea3d277b89d7e57a59f618d71a3d4cdace684a8b214cc4a7abcce82d96d443bb26bb0d98f6675e336fa88db183cb8d47368e777e11aa567d0f9b0e91b3cfe8a21a2be7d3265e855db8e1df9dd9d29e4bbc5eee3f2fd8bce9cea974e72aec6575591cef45b8ece5d7c479cf4de4c3dcf94fa26b2a2acf5f913d1666e137556536bb19520c68d59b573ef0f17eafcb73ebc6c7a737ab90d325a27dd23e8aad1c36ebb69cab8ca562b676cb837452c88328e7f4f9bd79e0e7dfc8f672d3564955c94c4e4a870896c69336c554736d55acdb63009111720d79fa8000e491737a9090aa7075c348cd9e8cdd03b7d8f3bdfcba3a394f33a75671659e552570967b2fbf1ec5be33815efe7f4122aae5e37ddaf884d746aab713e76fe67afc529425ecf0f4aecc79bd73cf564e9cb52c4f78d6aab2e7468cba7975d56573e1e994496755ab6ab2650592928f3eafce7a084b9a574bbf0aef7389db5d9cfa4e3233acc4a3d3900ac9e9a2fe1e8e472b5629d3cfe5e867f4f2cf6dbd1b377a6a34f9f718a59aeb957646fa6468bb3b9a8272b2537766e7e7f6b9da9e6799dfe57ab96274d5db1aa194974575431ab54166cd45cac0a0018912221404f96a139cb52215d4e31335a08946d895cac7a17e59a77fafc0ee72d76ed8ede77939fb145726be8e7d670c74549574b06b5d34db912ed79e47470d1e65bf54bccdb67aa973b6f3d66e7ecc7eff9cc47a7cdae15431bab268cdcb71ba1ab3b9ea8dfbe53d355fcfad928cb97613884a11b279ae9d988d39778babc71ceb5196bc74e8ddcbba3ab6f3b51a9d6f3a845ade002cb6d84bcdeaf2dbf9fd9d5f359bd13f4f2e47669db9bae3138e8aeca61c44427cdd55b1d564b65d4db16d94465bb937e2d679bccebf23ab9509d5a8c0013189d0d09248a6262090860a50ac9c118d00280c52575932ea2cae019a4e2cd7ea3c9f6b0f41d4e168c3af5636b66774246974d5f65712daab959b65cfb0e6f19e6e8e86be4ef3d9a9c3cfd30d1657f4fe5929cf7c929ddcf5ca3a8f977e36bd5cec74e8db8b5c68bb9b3ae9bc36e75a8a19656c4a6bd30df3aa7566d66ccd7c2b1a9dbcfac639b76373d99b426b9d53a4c2c008d03cfe6f5f9bf53e63d22f0f99eceae98f1de85f465a105caaa1a22968ae4c8926fb7977af42585c6ca0da659f4689ae0713bfc5e99e2516d7d22180d140100ca02488b25a95cdd65854140df3da6000c8cfa193794ab94baa3698b854d6a26d92df8751e9bbfe47abcaf4f2e859d62a7667b9cf5dbd5397765e469e873f9b7a7a1e464cd64621a86fc1d23dc553abcdd39d692fa5f255b29635222f3d1881d1712f99ede4e1f97ddeb6b85b79d4ee874e6a554759d266134944c98f42e65d57cf79f96f42e0b3a15fa3cd469a0d67a33e5d9cf7d032db9ddb28598dddcbea79ff3faf0f7786cf4b770b41d7a7044d2467d39e295734b69b73ae676e62db236a5da28bb3ad17e594baf1439f54e0f45e6f73ce5b4c3ae75e360a4802cb2ca2c9d7a9614c65b2317012711245540e543990bd57a8e13715cdb34108c570b5d4249531cd3675b81766fa4970b462f52ee4c0ee70b2d3a38575ea4ea4ec4a6106d0fafc6efe6fa651971d64b2cabdbf3a444264424e02c88c60f27ebf95cbd1e67d0f977e1fafefe7e1fb3ae3e8678fa77952f53d633cefa65b2cf3de5b3d7d6f98e4fb6e9cf65f097abe7c9c41d73759ebd8b59c6f442e6ae8e1e8f2eda7ca7aaf25e3f7fb3c5bea3cfe4f454d9c2d1d6bcc76db9758c9375d9a29ba0bce836597513345945a4abd5b25e63ea6433798f45e5b4e6d7a2be99aad75d5c505965639400060a4164e031120813bb52358cadcc962d88129d95b94292b1ad72b2120d22641ad93a1c6879a764e2a129123525160a4112483d2f9df4f8bd7945f393cba17a3c999bafa739912c9388a41d72df52b63c860f4de67c1f6a4071f59757a73d343a239d90be59e99e9d1d0ebe6d5daaaefa7f9d988d62444242259110991097439dd2f3fa5795f4be7787a7d5f3ede16e5d8f9b8b79f41b7c96d3d7e4c76e66ac965366fa2a94b42b692ebe9bcbf451766e9bf24a5d3cbb32547c97aff1bd33968d39b701bd022449c4b249226a24ad36269a3115a2a93e994dacc709baae535406dd4c458a20a70976e1922237116e6424406a04d5893b22a6a58929595bb2555b99733f4dc3f4dcba5e9d7394dc0ede79a8b224990560575e88996ea5aaf27ed30f2ede35fd1385e1fadc0b674f1f7c9c1cd5b5cfa3bc60f450b7ea7e6ae9655dfcbb5e2946b7964ba0aa79b320d6445c5dd0c3bfcbede5e48ece3debf1be9fc976c4699c7a64ba90eaf53ccedcdec68c1d2cc84ba75e6e1a67455da30d89d0b305b2eba8d52e62dc14fcc76789a95e7bb3ee0994a4491424116c5185817d00a24b2221ac91db944b0a400d49d95cd3a4833529a88138890a513640b255517492896896e677a5594ca6689c8b076d86ced57abc3e8cd050ebe3b081d7958408b0a916aadd488b239f567cdb5e5d2b4fa4f3b4f0f47b0c99f779bd7ce357256fe7d7a7d5e29d91afaf19d4d94c759bc6573af7c988ab679c975bcd6e37d1d99b47cffa7e4bd1f98f4d9df9ef2fdfe077e75171b94ce51256660e869e3cf37bfabcd5b9be9e5e6ec9764f1549d8b3841de870a2752de442b4e18c351d722a3396beb9c91d7952225cf6c518924449050225620e9935eaf3d64c20e4eabea61e9ef3929db0e99c31d50e7ba2f2c458f7575543746cc72de4645256a5251026c8bb6eb32bdb128be8c99bdae9f95f51c3a7628d58fc3e8e7aacfa5f26c2b352c201320d24e04b3222cd20cc68c98deb592f29af712e4bed613aeab2d8572cdb275d9539c4b251619a1b2adf3a1c5ef0c8ca5f413953f27ecf94f41c0ea5be7b8db7077e70240980868040da44dc2da0ddcd4b5564b32b09a8ba644495b459a928c20b64119adcfa1d33cd85d4e3401904a3481ca8916759b3d9e68a983769d334c5c31a9caa352c8c4964464a0089b764e754b50bab9ea4a2545e63ab3adb9e839e856699713ec73d0f55c5f51e6eb761db5f93af08e9d1eff9d90957d78cc81accdc192224b322127064a212e686ca73bae75aceae55326e331d85963945dcc888b322127020cdaa3a99afa35c7779fab8bf2fec52f5f3b79f37934e6eb80ba8a6458d0c010000d04e0818856211bb2ee932a23cec921411280a4d7d9f3fafd5ca19d9cb69a94ba2bd5477e79da38f404476d58bdfe482929668352a5699b0729595934b12d2caa4e2b32024e11910af5c25a257caccaf4c8ccf4954db1965daa23dbf1f68f4c7e5f463321cf5ad517042c573933f4974e7c7abbb5f6e1c67d2cfdfcf949d7d78c9c0d66641acc81128b162e44124127064888b271226402645ac88395e8cdd1e3daff31e9fc9f83e97a7f3de9fca6f3e7e8b6bed8bb3ca03690c8849215804922c00842256d15d3e9f0347a78e2ae51f37601ca86589b000a728cac13897aa9ea09ca206b353af1ba3eff256ac0ad5a2d45a88488886049b4a61629a893995de5b65b9adcf128d559742bbf96e99ede872de3e868c5e7ebd8bbcd5be6ebd2aa8d304dc16e59665d0d56192dbf38d5312f5098a335739a9dcba73e655d88f7f3f24e8d3dbcf949d5db949c1eb3222132244c835990226e013222c9c1c4bafc7ee793dabcafa9f33e3f77a6f29ea3c974cf0ab9d7d32d0866e5d33840c68021a40d209014844a30a4d8886034000013b22af5a95493948c813242bebb7a63508ed8ec2b61df8c0946c8c2d895ab0aad5aa2973437143518cb2212966ecbe3257d6bf8f4e169ebd3e7eb0bf1d7c77af249e35558abc6a5026244c7af124eb5fc1b0ed4797b4bad3490ba9c8747366bd610d779827a73094205eeb98c1dcd19f7bebcb914f7976f3f08eb67efc311653d784c83de6641cb22213222e8ed727adf3be965e4dfa3cdebbfc97a7f25d33ca84a3d2080644b00250000749b01b2e620280400864456206270eea7474c58b7e6f472ccaeab9748a91921839d656828353d646dafd3e68223a8d463a35188e22048942cbb372cfa9b7cfd789b7aaf874cd6f2e8e3be8e5c95f3ddb01c16ba5665730a6578279c9d90085ca6384113baa813261ab572a94f4b779b91dec546a2bd16a27a39d52f433d17105b3418276504de7668709128b77397374df5e5c2a3d2c7bf9fce3ece5efe7c0eca3b70eb7471ecf95f63cc7a6f25ed7976e1f92f51e53ae79f19ae994a6106c5132c0000062634cb2211cd6215a08018860489eb2b4d56f5cd9227db9d74ca1cec44b1b69320e0635608b3d85643dfe422a1a938c10e32bb1acc7475f2df1f5f57470e9874edd3e7eb8eed272dc5b52d3ceeb8794cfecaa3c857e8b11ca2d80d4eb24ab02c768aa48913ac86bae419a76067d7513b6904a178e55055d0cf24e868e087a6af89a4db49b0cb6e9a8bede7526ea69bd6b96e919a50a8d0f1da68716384cb94384d795f67e3fd7a79df2bea7ca76ce442e996852b103220c4431039c274d37b908590c540f3531d26160c63b09f5c13b23d31229812acab96e72a9e6dd438da4458b3201eb608fa9e1468d9cb7cfd9d1d5e6ed874edbfcdd70dbb0e7baa6d64c4959144d4026a012217163110e77511e6b95ee6278d3d172ce43d419f54604a82611bab21ae90798d22a76661e8cd31551d8428d994d2f385b965b488f2967479b727575f9fc87a6e35ba4c33decab5c2b3ab1e33375756c5cd76fa08512cc73bd2b13cd794f5be4fb4c485b8d304040000d916c09465acce559b8a328e2a6128360c350942764a70b7a61c4ae9c555cb72ad2e7a9916314400ce800f53d0e7777dde5d78bbbe77c1e9976fc74b96bdd9e3fb075d556aa4d093408049a1020d98f6826849e335d7c1e39e87270ab3da3f0da0f4386ceb9c17e8701c886da8aebd350aca243a16d2b8df9494f3de2adda4895442ca7414cd33440a885d5680ae215ec8b4d7771e07a69f02c37e5d5d4381e8399c13a6f9dd83d066bf09c4f1fdae076cd0a4b60001909a1188501d8341213d4221009ca38ca86adb2b9c4b27ab14b72ea631cd5071e3b009468a7164218001e8bb7e737fb3cfec6ae6eef177e1f37d8be7af232ec7225b3a1e7f4a7afd7e1f49ec63c5e9adc009342005ab1c8d3cbd5c631f2cc2689650d4b348b54019146debf9a0f79a3e7ba4f598abf4479a7e8b11c5afa78ccc9d85ee8ac4cd6519b7e335598e61443a0579fa19895fcdd41457b479f75243466e898babb788763cf66b115dbbb0b87a11cd668f27572fae679279b48a6ac62626026000862062062436020646511652add92491628b40212a13c690d03000742001875274af5f9fa3bb813e7af55afc86be7bf596f9ee872d6be1772de7af0cfddf2a5e05f572cf4fd7f17727ba9f8fe91dd33dcb55d1a0e8aa2d2187a349e678befd1f377ee38a705db4163ad925abb879dedfa4d065d324000556a39b93ba1e5f3fadc271a3d0c26791a46aba02c8ea28cdbf21aedc8cbe93419f5742d278b8d52394bb6bcdee6a9119599acafcaeff2dd71554a1d209a94043222c9206800090014020029a0a008104310312002500a13210310036a76441ea030dc91df902251c51a35f3259be87a3e435635ec6ef2fd1e7aee5597473d70b83f409e5f37dbea3cf2cb6f98da9ebf7f8ad27a98723ac5da72c175d74319045bcfdb79e5b77a265173013409a00013400000119230e5ec33cae7f6588e357d1c8648ee4573976ce7f4797c34e8f39ea33f53a9b56aba72146ae7d9af9197cf6e5bcc50eb8042b425680008044340000d00000d3007638dd4e880c5402820622189d49091305014488ba73add9a0ce59ac475c0221881b88488956df8dcbd8dfe6accbd86bf1dbb9ebd4dbc1ddcf5bbcff72ecdf9fd1f44c11e62eb3867a3e9f8cd67bab3c6740f4462d8ae500be7943599e65a9304d00009a00004c40034c1a600ccd09f9b4edf9ccf20b3a1e85797d895a5769992dc79b91b6ce3e3e6ea5b894752493a04d010ad04000000002694001a2069d0d164920104a08800000060021a0022e1b8b06953221b0176e6c8b1a40dc424458dc6542702565265b7771272fa9e978bdb8bece7e73a58d6f71d18bc0f33f4894bf23d9f40f3261e879a0f71d3f0fad3d99e67aa749c26a34139d4171532c49826860800069835ca3a7c1e452921f79793e9374c563816d3473b73672f072ba63672a9cda4aa1409a9a62106856206086211a05000000000430449000038b50000000286206807100025000681910d693efcc10488849209081881a00131010e7586ad9c992fa6e8f8ed587b6d3e3ba38d7a59723666eae0f7259bf3ac3f56c47899f4f985dd3e0cd3d86af0fb0f5c71ba85c028d31ca01349805659938dc94d99ea906fec75173e8502e8e1c3a9d3c3c8e774cf63958a8ed8b33a8d15ce19b14d6289a9a010c443f43e77d2c1c9c9ea239dd0aba6be77adcceec9e57afccdb54e9f3fe94cab89e94cfa1f998e9f5eebd783c6f5bc3b39c0680000402010001280000268189c00a9806803b73000043100d0304340340a010082444a938117dd899d9dfe6ac8f63d0f11b31af6b6f95e8e6f6de0d1962e1fad9cbf3b7ef38a79eb5e63b3d7f22d3de4fc4f58f4065d4ad63f369daf3b9c3655afd29caecdc09d5cbadbcde6f2fa4e960e7c7a66faab379b1c65b908ca39a9359b04d63480950100107a5f341e9b95ce0ef51c8677fa1e403776bcb076777994771f088f46fcd96f54e509ecfcef38002842862068140200013000843430000000bc0ed81a000000000103485620620620620000006e2129561af5f26597a1e8f91be5f6dafc56ecbd6d9e77766f5b9f65f1e6793f408cbe00f4dc328d58a29ab457d3391ea3a935c96dd4a598337136d9c4cd8772ea206e39434595bf49cc9305fd0d7a9e763dae4d549a960bddf8ee5bc85b69903ab1c93d67939427ee8f066af455e4c5bd309d681cd5bac39a7491ce3a1cfa0ee5f2f9c17a44f36fd1f165c8f56c3907a7e29455e9fcd959b3d5c7883a761c834ec3947573988eb50603a9418588608002e69f6cb24888d20095a01a00020000000000000010c40c0013069165b9c37ede1d92fa7e878ed597b4d3e47a19be927c7d393e4f72c8a77d3696428e6d6ce3e1e36e6be5d556e4a22a62744e1aacece7dbcac2cea539eae6f2472762bf4eee0f3bd2e7aecf0f7f3639da737a0a8d13e1cbeb37785eac62ef70fd01e5b4d7d5d4b3460d39b73c159d1c75683a5e53b7c1af6b4f90ea472bdcf86eb1e839b8546f57728dd8946ba987571a23dcc7a4c1e938da43cf74a64b7e4acd8b771225bf256710468340005f273eb952b1c678dd5ea41388012800021881a686860201a01a602600000000081888728068d1cf91dbdbe6ad97d66af23747adafcd5277793cdcf57e789400801434c2709ea0d3b1ce12d4233811059a4270cd49ac68410002629588a682188a6206206800080000000000130010c08010c4cd594043040000001d3759d3369530ae7656486ecc540026a068000000000000000069d0201a0680009400000103044a5009a88000000020003454dc25a8c0b1ce12d49576408f638fd6e7a92f55e4b9eb9dd29f4f2e4f13afc8b77f3bdf7810002fa2d3ae57d6cbcfd3dfec1e7f8dd0f4d5e1bb58ee33e0fa47cdcb3b7def2c66cfabd51c6e66ef571f3bece2e8d63e77d0fc1c74dd7699f97eff00c891cdf40f1e725329300004c40d310d0005ad1d32c10c40c40c4e843843403400000000000301050000100000280020000680001a01a0060269a0000144e13b069d8da7a4eb9c1126b37dcf84f77e139ebb1e9fcc5d8d59e61aaf7de07df781c8034000f7be43d365e3bdff00cf7597fb4f31df8f05ec7c6cb4f77e1bdcf908fa0716cf10757d3b6780f71e1fdd1e3289fa4aeaf86eef9f83d6794f7e793e5857a7e77479d1c869d000021898000008616a0e991a00680000000000001880029898000980008608080000013043400d500030434300040c40c4231039c27a80a5434ec9c270b120cebda7890c5ea7abf9eac6bd9790828fa7f1fc411de8f0ca003da795ca42f51e60af6dc6e111d9edf8b0f7de0e21ef2af101e8b4f942bdbaf121d3f79f300f67e6f00776cf3c07439e1f43cfe1089c0280000010310313000981b83458340d00340c40c40c40c000000000620001a01a0000040d028000000000004005000000000039465ac8e320945ea4e328524d66a4ccd829471441280000261000000000000000500000000000000000001000000268600098004c4fa40000000000000000006806218800100000500000000000000204c01313010d0c0002800000006d3b069d369dcce138524e39a26a5509c7150128000002218000000098000014010014000000000001098000000860800681882c4d748031340c00001a0620000000000000000000000000004c40400034534c10c0004d300000000001b4ec00a9345938ca3645359d21ac94270cd009400000020000000430430000a000000000000800000010c4c4d00d3131000001608e91820060000002600400806a86881a602062298886982000188000000062a682188181400022189898a9898da76005369d938b8d89359d2059109c2500cd000000080000000000000000000000000000000000434031000000000082c03a46009a60009a6202000001a68604269880a000000000000000001a6800000001a6a98020206980149a6493563029b4d2519475126b3a49ac88ca32a03340000002000000000000013430000000000004d310034d0000000000000200ffc400341000010303020503040104030003010000000102030411120510131420213122303215233340410634355024426025434490ffda00080100000105025d5ea117eaf507d5ea0fabd41f57a83eaf507d5ea0fabd41f57a83eaf507d5ea0fabd41f57a83ead507d5aa0fab541f569cfab541f569cfab541f56a83ead39f569cfab4e7d5673eab39f559cfaa4e7d4e73ea939f559cfaa4e7d5673ea939f549cfaa4e7d5273ea939f539cfa9ce7d4e63ea731f5398fa9cc7d4e63ea731f5398fa94c7d4a63ea531f5198fa8cc7d4663ea531f5198fa8cc7d4663ea331f5098fa84a7d4253ea131f5098e7e539f94e7e539f94e7a539e94e7a539e94e7a539e94e7a539e94e7a439d94e76439d90e76439d90e76439c90e72439c90e72439c90e72539b90e6a539a90e6a439b79cdbce6de73721cdc873721cdc873721cdc873721cdc873721cdc873721cdc873721ccc8730f38ef39871cc38e61c732e39971cd38e69c734e1df2fd846394e138e1bce1bcc1dd3838c1c60e3071838c1c60e30716b6d838c1c62a9ecd8c14e1b8e1b8e1b8c57aecaa62a62a62bd58a98a965ebb163b172fd762dd1dbaee22a1921742e85cc8591059d105aa439b1df2fd6a6a574a4540c689142d3ec219c05e053870b892858e2a291d16da753a4870e138709c384e1c261098426109c384aca76e1430248ee1c486109340c731e96774b58ae5868ae36958d30890ca043380ca15387138928d0922562ef1b727321631b8c463118c455c38f4533337611b4b443a2639af4b3b6b6d72fd56dee5cbfba88626258b162c5b777cbf5238a4908a89f9ab994b1c95123cbaf4b667b08a46d436b61e149a77f6ff00cf5fff008b4c26fca517e29ff26f6112eb4b023192d5d874b23ba515508aa9ec256b678dc965da8599495cebc9bfe5a6725976a0f9557e72809be65fd9bfe959c6128b155091561c1ab3855470aa4e14e706638329c19077cbf45ad73d62a091c45491336a742a1f9cbb231ca7064384f41768dd83f526e5169dfdbaf92ca594b1dcefb7ff008b4b25fca50fe29ff296de8e3ce4ad92dd1652cbd142ff00556331976a26e2c91727ef42eba54b71936a0f954fe734f27fc9d57fd6413a2e5cb9919219a0ef97bcd4572c5412bc8a8626088883ded624da944c23d4247d437d30ed49137075644d39f8c4ad894a9635f16d2faa8b4ffc0be4a444e0f1e238f11c788e3c471e22b2a5aacd2bc4bf94a1fc5327dd2fbe9aded32e5294d0f15d8c319c688e3447da90aa8b84f29d6d36a29b312ee93ed52ed511e0c299d8cb5ccde87e555f9cd3c9ff0027ee5cc90e2b4e3b0e6a339c88e7a139f80fa8c27d4613ea508ef97b17dd2ea45413c845a744c1ac6b072a349b5086326d4e570f91cf5116ca8eca8b6776a1555bed44b9d372d29cb4a49e8a2d3ff07f243fd9bdcb964a64a64a64bb695e25fca50fe39d7ee7451fa69ff9293d34f2cae57e4a64a4123924adfc447f9350f8948dca4af77729db94d54cca1d9ff769d7c941f2aafce69e4ff93f7104dfb1669e93d05e33288ca21df2f661a39e63946452e9d82c2a4d5b0c44daa3949269245e9d39789a5ed4ae47c2ed3e35174d174d29a19201d3390757234abace2a69dfdbff00252a654cba7dd7e9c7d38fa71f4f52589635d2fc4bf94a1fc53fe5e883fb4da3ed46ef96cc5b39b84d1f2d0894f0a2d7c996d40db24eece5281a46fcd656e2f289728e66e2f283e555f9cd3c9ff27ee20ddec2b4585545a5551685ca2e9ef3e9cf1df2ea8a9e6988748729151c10ed54b4e92bb506c692d4cd2fb3a03f2a77b71788aa824f2a1cd487392095aa25544e24a78a66d4c0b13b4dfedff922a8746de76439d90e76439d90655bd5fa9b4d33c4bf94a2fc73fe5e883fb3d9bfd9af9ddb2b9a71de71de2bae27754fb54bb47f6a96964fbd5cdb48523f196b99ea287e555f9cd3ca8fc9fb9711c864864d32432432433699b4e221c441df2de38a49560d225790e994f088888924d1c6936a6d426ac9a417bfb7a1cdc3aba98388398e6f5c722c6b58c49a0d3bf07f3d517e4d53e3a5789bf2943f8a7fcbd14ffda6cdfecd7cf5d337292b9d6691b7292b5d8b235b3ea13894c22d9674e242507caabf3940547e4fdeb16313115aa59e7dd3ef1f787fc98d73d60d2679083498231ac6b11f231892ea31b496b6690777dd7dba672b2763d50495ae16385c729129c934e489295ed4da97d74d48968ff9296163e2e0c0702038101c08048a169a8ca8f5d2bc4bf94a2fc53fe5e8a4ef4bb33fb377cb7829734e44e449e0e1ae9ecef52eca52859796ae373ddcb3885abc17262e295738254c5fa7fcaabf39a7951f93a98bdd5a2a5bad13d2bee642cf616ace6d4e60e31c4322e763b11b51f531431c48e723492ba3612d74af1caae5fd0d269234a7e2c47121353458dadac944af906ea0f28aa78e93a632943f183c7f240b6a47cf264934871de71de71de2adcd2bc4df94a1fc73fe5e8a0ef02f920ef48ff96cdf92b963a5e6e539b94acf54507daa65efb53ced89bcec673b19ce3099c8f90a27e32d732cfd3fe555f9cd3ca8fc9d70adc7c6392dd56ecef7150720e2ea64a66710e29c6438ad38ad2f8c913b38eaf2e3eebb28bb2fb74bfe2f6af6e7478b9044531534962a151de6283c41f15f241fd9ac4ecb071c371c37183856aa1a5789bf2943f8e681eb272ef380f380f380f34eba3644b4851778a781c8fe1b8c1c450b95f55e9a613cce976d62e10fb0c5c5d56dce3d3fe555f9cd3c9e372c9c171c271c271c270ad54dd16c44ecdb2c77454b7437bb9c83bcfb6aa3de3a4322e5d0f49e93d07db3ed8ff969327128b516da7ea5f774b5cf4eda9e66ba35a681c72909cb4283a48e16aadd7f9a4f4c148b762f9291ed487ec9f60b405a03ec157031d1695e25fca524ad8dbcc4271e038f01c780e3c02351aeaa6da6209784e49e279f654b4271616151371548d2f22a5dd58fca5208f8afe450e490e450e4905a2edb40bc4a7a34b4955f9ca391b19cc4273101cc4073101cc4254b1ab1ef1bf1727adb3c5d14e9773c5f3ed28e5247a8e95d7e2a9c45388a7114cd4c97777cb4093d1aa37edf52fbbfd3f3769d9849b5d4cdc64edd3bacdf62934ffc0be7ad9fd96984df97ae4762dac664df6289993d56c8e5c9c50a5992d5bb3e71c736e39b71493f10a96e33142eb3a36e3354fe7eb7ff006bd14d2e2b6ba4f16f4884bf117db52468e8d0e1a1c369c369c361c361c38ce1c670e31df2d15f856d6373a6ea5f769665a7998e8ab617d348d15ae43bef8a8da795c454ed88d42a388ed37fb7c5d7b38b298b8c54c54c54b28ded45a61322f16ce3152ce2ca594b29652b56d0525435ec9692e3a191a5977b0d8dee23a3728e73616d42da9eca62e1df6a997cef4aec64ad65cc548b26c96f554a2f1b153153152ca594b296524fed7a6966b8e6dd2a22c54a64fb73fc238ee4896e8b1652dd2a4990b99ea2ce2ce31718bcc1e70e438720ff00952bf8752bea6b9317742fbf4f53253ad1d5f1a9df5313578f4ea7169ce3402d542849a8b509eb1d26d4153c339988e6a239a84e6a139a88e6a239a88e6622b2adaaca29f84f4aa894e66239988e66239988e66239988e6632baa38835cad586b5cd1b5ac538f1299c26709c58905aa8d096b85955cf82a9b8f3119cc46565467d2d5b2c152dc78f19c78c7d5266950c538f19c78ce3c671d871d871e338f19533a390b162c58ee8534b9b5ecc92486cf625a391b92dac92f75461c371c1384d41cf441cebf4b89147384719172e772ee2ee2ef1df228dfc5a6ae6e153d0bb2fbda43ef4fa9a7db47b8491c66e2ebd0d15ca5d4ba9752ea5d4ba975deea5d4ba9752ea5d4ba975e9c94cdc66e325e8b9752ebec5d4baed72e5cba972e5cbef71b20dc5c701a2c2a31ae6398ec9ae65cb0a83d154486e242d41551a3ea07c8abd6e42468b1a18218218a18962c58b0ff91a1c99d1eaedf5fb962c58b298a98a98a9838d22e935644afa6e04824128904a702438129c0944a794582539798e5a639698e5a639698e5a639698e5a639698e5a639598e56639598e56639598e56639598e56639598e56639598e5663959ce56739598e56639598e56639598e56639598e56639598e56639598e56639598e56639698e5a639698e5a639698e5a639698e5a639698e5a639698e5e639798e5a639698e5e6381311a4cd18ae31b8d6237a556c48e91473665384e158a8597a94910542c8763b1742ed32699466718ef91fd3f27dcd55b7a7fd3428df854a96b2a74a7fe03241d2a20b52d16a905ab41d3dcccbf4b9491455da9e8659866991223b4d8549b4e9182b15ab8961ff234993875d54cce0f62fb5cb9732324324334334334388824cd456488f64f2b19373319cd4673719cdc6255c67371a1cec473b11cf4473d09cf4273d09cf4273d09cfc273f09cfc273f09cfc273f09cfc273f09cfc273f09cfc273f09f5084fa8427d4213ea109cfc27d4213ea109f5084fa8427d4213ea109f5084fa8427d4213ea109f5084fa84273f09f5084e7e239f88e7e239f88e7e139f84e7e139f88e7a239e88e7a239e88e7a239e88e7a239e88e7a239e88e7a21b571b845beebdcaa6b98ec97da51c48434b2ceea5d3a384f1d1353b264a9a59a175a41ff00223761222e4d9db84dfa9a6bf3a3d492cf6a9898161ad1e835b756d15e07a597df423a5ca1779ff48852c3d08b7278f36c8cc1dec5c551115eb05008d6b13655b2326bbb656dd3968c7fc8534d938945aab71abfd4d15fe9d49b781aa35c35c59146c648d206fade98d2f09647f2cebbe8dcd6c74ce72cd4ee8c8e3579c075d691c8cc3d4b4ee41299d648d6eda472b65660b142af1d48e44c6cfca4653e3939948e724b02b06315cbc05bf2aec552cb142af24a673531eeca6554960566cd4baba1723513bf09711bdce03acca7570b12a2f2cec5c965646ae39575a48d584712b87533911c96f629e2c95888d4cccfd64d2f0a645c9b550e49d77da1a473c8e264497e9923442392dd0ff96da0c97a7d69be9fd4d25f8d5d4373846a88a35c44f15c8a53b515d55f8e8a3ef8b725f5c6d6b624ae4ca2d3e3ef83734547a362bcf23325965635b4d020d92eed45a99d1311b13eab054fb9355a5a0a382eab3a23aa5a924342cfb8ac457b551e8e8ef2b51b0315738a2665348ee1a555467190fce54ca9e18af255aa3235f34cdbb9cdbb5aa88ab1a2c8d547248cbc9131b0b239735adf9d337189d51892add7aa3664b0b11892cb8a67d9afbd41a87ce92a2cabdd2ae2b2f45cb9140f948699b197b6cf9d8d1b551b84efbc8dcdb8abdf1e586cef96da13f1aad4d99d1fea533f87392b70950451148d472f7d3fbbab1d6293e1349ea6f68ef9c95be289b66d4c843da2812f354498311d9c88dfb488911572e6fa09531ae84a26fdcab1be8a7c95667f6a7a242aa5c487f0d3b7295ec573aa656b238a4b4bda68aa1aad7117cd9eaa781981572e4e2852ef99f83699725a992c45f8a16652d5bbbd2b2c95aef5d1c976d647617abf9a6659249714cd647b9e53afdfff00aea1f2f0b4b3e492b72495983b7631d22c146887643c924ec8d2a2bdce1ce570d57214b58e611bd1e9b62996eff96d42fe1d648dc98be95fd4a777120d49b8d56d72351c695e6b9df762f4d335f94d52ec62a45c9f54ef5c3da2e1e4f9d718e953bd62aa9027adf7c1ed73d64a7547c512c6e97d5051b7ee54afdc77aa0860fb956fb253768a476532fa69a8d7bccae1d0b9cd6c0e5296e86a29ea19e697bc354fc237f7534f4f556bbd5469664aeca55ed4f49e563ce4692a7124898ac59fbc0c855ee962562c74ee7b559ea5a7760a844ceee7e2923d5cadedb47f36fe3ae42c35717452711b531e48bd8b5d61a35518c6c6971ce469535c49239eabb22ed413e32753be5b78585dc48abdbc3abfd4d25d9526aede88d4794152d84a89f3956b1bcb432da5acaa6c89455091abe6e2ccd5c217d4b1a4b32b969aa11892cd75648978aa1b8accd44cef224ac5279326d3bb0599d93e09acd74ed6a48ec9cc99121ffbcb322c504983f8ec527a8ba53cd8a71d88543f376235bde97d31d5bf2758c4a49123277e6f8a646c37f5cb3a3a2a697074950964a8448d8fb49c66295136494d22316a1f9be199ac8d57d6f99ab15aeebe2396e58b16113bc7f8aafe36da291635be48fa6cdd140d8d2e48f6c6d9752ef354ba45e8469629a373e74ea77cb7d224ce8b5a65a6fd16b5ce5874b9e421d3608c44469a8333a6c0c7668bdd2f62e645cc8b94eef5d54a8915d54b6d62c25d0ba9dc4729752ea5c452f72c862860870ce11829c2386a860a708e08c8bbbfd31ba3baf08e11c338670ce1a9c3538660a6070cc545629829652ca62594c4c4c4c4c4c4b2112fdaa8b637415c831ae90822c13655b254d43aa1fd4d529a81f21142c892fd4ef96fa0bcd6999537bc89720d3ea2620d223691c51c48bd89548d3bc89933971f1587b2db33b8e4ea6ad86bf218dedc338470ce19c338670cc0c0c0c0c4c4c4c4c4b162ca773b9dcefbf7f7dee15e66666664666464646464533eecaa5fb6993d61a411a8d2fd15b4fcbcfd34d492d42d2d0c507b2ff96fa43f0adad671297dc8692798874721a5861e85416c3a7620cca43856495a3a157acd0ba118392e96ea8bcc48782c58b162c58b162c58b162c58b162c58b162c58b162c58b162c58b162c58b162c585332e5cb972e5cb972e6464503bd4b0ac8d8e16c697e8f04cf572bd8cac827824a676cd639eea5d2d104446a5faea6a99027d5a41df2de17f0e6f293b78737b114324ab068f238834fa784ec822dfa26a986249b561279665a58889961e3ec492b5893d5abdacf2d68f658b162c5b6813bc487fdff6ae5cb972e5cbf54cb68d54b972fd7721a692629a99b09e3a5f2b5a8f7ba44486ee8e2461246d95b2e94b78b4a92f053c7036fd6f7b636d66acaa2ccf55e3483fe5d144fe252eaccc2b3a5ad73960d2e790834a823111ac4cee3ae2208849347124fabc6d27d4279855552389ef20a5c081a8883d495c54f647a5c45bb1928d7b5c8ac4386602a16299a46279ff004d56b6897d8518c748e8285ad2c885fa155111d3e43148e0c4b74782f7ebabd46280a8a9e61c9c113963fe20ef97468afca975d6744341513106911a11431c283d44f28d51ef8e249b5785a4daa543c73dcf11aaa45432bd30821447ba429d2e47e2e3d49c9bd4d8a5548dbf93c2b1d61aeb88fb19a2966a9c2216591bd9adff004a9b572f67742162c2a08dc9d04691b7a1551a8b336f2657646af18c462742af5cf511c0dacd4e49ba9df2e8d0df69b56667470d34d31068ea4347043d53ea74f113ead3bc73df228c81cf44a646391e824d823551e94ee55753f96f8b8f5255ed2e4e4b234c8ef6418a5efb6446f5bc4be95f8a78ff0048ddab97ee3ba18db8da75169d47c6ad22ed2b17b6ce7628e9ace458ead1ad739384de2742af5af62b3546c64b23e57162c58b161df2e8d3dfc3ac54b9e3a65a88a249f586a1356cf32af96c6e71150a61c3e1315dda356d9ce713f96c98b61eeea74ec82a8e2a5d8b1ee11ae79835a39f76a6c8a22dc5422f31f877b772e5fd9b972e5fdd68a544724932d24e3915aa214ad15f72ca292438ac325845dab18e735d172cf6b7fe4f42f62f7ebaaac8a992aeba5a9dec594c54c54b29651df2e845c5cc764cb2a88961ef6b127d561613ea73ca3955cac8def54a5b2360886c974ef1b13d67a983b154266ddb13727c71a14fe36715c9ddce622ba47384104312c7f28a409dd883be5ece262608a3e21abd763138683a352e22fb8df053f77955fdc0843f16a0d6924627a491317c32dc43b39122b0c663d0aeeb7bdb1a55ea8aa39cae52e5cba19a1c469c66895119ccc63be5d3a6ca8ea39ebe0849f577b89257c8ad639c368a4bc5052b617e5c3590547345c654be0b6c95d22b056a8d7b5ed5bc88ca3c0864898f8fe7b7fdabfbcabb31b92f084f419a6cbe55ea8fa4233fedd682209bd89d9618bd29bd8b1333b22fb9fc3d6cca4daabfb81083c3060eee92a1325d8d710c99208bbaad8f3d757a847013cf2d42d8542dd5732331df2e9c95044bac54523c486189b923a2664a90aa5bbb56fc41b946246d91cc574841691d2c6d53813487fc4855f58e1b9cae48d18ac5baecdf9567e55da2f9bdd8a47f1736ca2add5df92953d2cf1ec2082743d2e91f9144d93a5491b83dbed2792a16d0d27c0a9fee0420b2c6d1bb482f97fa1ec7d88a4472172fd734d1c2daad42498b08d303862c02c2a70d4c4b74bbe5d11c4e956969e059266369e0951d8afe3b8ef426292477e18d62a8da77b8a98e3636364cf6ac54d0ababf147cb2cab81e841ae71755205f46c9f2ab4fbaa9b46b6555c962f0bdc7aedff00db4a9e8ffaf5a1fca74a8eed30a34413aaa93d2c5f699f22b9f8b21a86b29a92af985a867de5616eda6c9ebf0ad52e3c97cd4798d55aac5b24525d3a956c55ea48c1ee7caec44688d303070e6482c6f307189896313143068ef974417c18e46c8b2730e6396ee6da472662bae701ef770e28c6b9f20b058e6a9e125a99a758a89ce3958da2c22d25c4a33941b4aa608c5deb13ee39368fe4f6d88bc3d6c392e8312f2c6db31df1eb609e53a5497f37f1b275ca97633da8bc9a8afa9f1be44d3a9e581f50efbf999903b092f93514b8e2545557a5d22a2571a8c2b1d240ef4b17a6a6ae3a74a8ab92a151a23444110b6ca39ca2b94bedd8ec58c0e18ef974525f892dd5a91f0596b9dd91c3146e6239a70a55166a4809b5195e26721662146cede46c6870d0c10c0568bd866ea854b3263d768fe5e44f4a6d2769204bcd61fec37e2ceb97f37f07f28275289e7d987c157eaaaa54b6d54bff0022e5c7b732864ce1114515b7208908d5aa9a8b72a688609b3ded636ab54553baaa209d37415ec1648859611658c59187110cccce21c451df24455386a2a2a6d4df257e2d82d235c8a951c291edff00894e92ea4eb3a59255c510cda8239ce18977c7e963104da37122fa18b931c97dd0b18950cc24b16d98eb6f37e4a165e5ff00b3fe5d7ff46f5c9f9bf8104eb53fefecc5f01bebaca4f8957fdcdc51aeb2d0fe5fe76f042978a59a2a7673b0570d8d58e66d57a847013d44950e44104eab34c223854c70a94e1d218d29ff0018ff008c654a654c674c3d6cb92b8c1c8d6aabb6a75b114324891c3140de6d184b33de3daa2b9a82c8e5dd853a5e46f9688645d091ae73523b35635dd367a15b4fc58fc2a8bb35f64e2307bb37e9adfb97f52f9ea6f97f86ef5752ca587eab592cd4355ccc679987f84137afaf8e8d1bae4d9d35432a62dbfedecb7b3645b328199cb045c26957fdcef46f564eff0096cef8d657f01934b24cf29b507c43f5679256d449b2216d93abb1e93ed9f68fb47d93ec9f60fb05a12d112fe4a3a45989ddc2741de5c92ed9e0851d552c8351ca7a50748a48bd3194bf92241a85b7b888390f9ec820be21f15945757c4e60ee84f3a736cdf619f278ddf5aa8e355e97e958e5c351523eee24104daa676d3c134ae9a4d2a26b5902a415a3bb233d94f255bb1828555b149593a2f3b5039cae76c8847f91fbc9ea5aff00c962c58b162c58b7b3d8f41f6cb445a22d118c463118c463113a77a2a9e0952f592587d2a3991a2a48d699aa990aa3fa10678a54f5d3f86a161505d914517cbfe49bc7f2625c9236aa54478aeecf95225a9977b162db586a7aa41367bb08dce573a95f8a3a4fbcf22410904136d7e455da07631cd2590a85b44cf6624bbcd496d0c5e9a27f9e844ed1a7dd7ee9f9aa5729312c58b162c5bdab218a1820ac415882b505443b6edc5555963b0ab7d936b972e3ba104f143642077aa376ca28bb5c5e98fe6c514d4998bb781b77e3842a5badbe64136af5b5088b629d564a997e2d13cc8344db514ce795b658e4ed33ef1278ab513c75a21179353712fa295dd082f66d337295ff002da3fee2aa8dc8f6533aef84e19c3386605bda4e8b218b4c1870e238711c388573156ec3d07a4f41e93d27a0f49769769e82ec3d0262355aab12216237f64717145dd56c4327dcde3f05cd56dc2c9864c3261a6439be7f97f3b5d0c9a66d33699b4c905eec6ed5c99516da3c7c4ae957b9fccbe1826d549dea506bec3178928f5ce4eb4411066d5cb95557cad6b5668ce346716338b1892306bd8a51a36fbbfb192a98dce0a1c0438082c561c8883f143269934bb4f49642c859a7a4c9a66d38ad38cc38ac38919c488ce23288ce13890fbe843f38be4c41d1a8d79917d97695f717a1de96edaa36f4ca858a2a17cce635b0b1df273b1388a5f6b5cc0c0b6d1a885c5f53668d6294d0a0e1c5e5767776b043f8a97952bb6911f12ba77e2c4eb4411366785f0f5cebabdd7774348bb913308add0c4c766aa396c37d439a4918e8c74660627632322e5faae645ff0049083e717e488c4922470ad9187150cda2c8d1f22aecf13c0c4baabb276d2c692432e9ee45a5d346d98d5da415cd438c831cf72b1af2ce15af15241dc541b32a0d99ae2e5cd4b4fe6969747915fdac885b74ec22972b1f8cb23aea6830e31bdd9bcb16dd1bb226e9e1eb66c1de5a95bbec5b644bab58b7a083293cb85dd0420eceeea8c6e2c51c4883d7b39c6466645fa6e645f7b972e5fdeb8842bebfe2170d776514720ad68a85b6f2f6aed32d987f066a772c2a8e76d3264f4635368d37b8aa28a761abd596de05114b9ae42a921494eea99bd31c6220885858cc6c5baaa9d8c14c9f6e65f5ef4ff9169dcab045c189828bb35b92a6285d4f4e4aedd50947a8f71dcb16312c5cc8bef72e5ff4d06f9a498c56118f322e2a8a2ecbd8625904f0ff00820be2f63338aa2c83a4442393378ef90df2c2e2b85719996e8a344dadbf8322dbbd8d918ed1a3ca28e3a760882344413654e96f935275a9e2b36967f96cd6dca3a7b0d5c4996e20bbaf6468aa384dd5099a3d9ddf1981d8c8c8552e645cbfbf6f610678a54bc97e23b86e4389633321545156c2f7237776f7524f8347f9911ce62a39a64e3d6e194933c4a74a717c6c9e5aa2a8f78ae3232117641bd172d7176cac648a594ee58b21d8bf52f433c9aabbd33b7185ec3111a52c59490b2c3c93e7b289e7f9452fb220882216263f999c2bcc8c8b97fd0b16f66c217ed43e69fe2c415971d4ed1627a18c859dba7cd9b4be224bc8e5bba25c5925732e95910eae6a14b53c574ff924f86e8a39c39c39db35146b546a08d41a9d571582ec8f5432bed72e5c4788bd0bd0cdb515caa6bd11115974c2e32272c7494f80df0e25f3bbdd8217d9041367389dfd9caac2717f4ac5b6b97eab16e8a2759d17a5f12eca82a0a82a0a28cf9356c5c7addf0f642be4c21b97db4d6fadfddd378dee2dd47a163c0cf0d5104451114b29dfa6ea8648a39a3855335db23311c228d76ebd0df02fdcd52b2057b9b035a5e160ea9291f9b767778f7a85c9f0bbd226f7321efed655254ecfeed77e8e3b5cbf5b505ec5f74225c5cd4e232096e8d7990aa28a28e13b6ce75913b9718bead4a6c9cd708e1aa69fda126f3b584414721c35159618898a1908f114b972fbe22a2ec8fb0b8bc732c28a249715a85950628d13a93c2f8a1f5d6aae4d9a19505da83f0ed1afabc6ebf913b2b1d92172e6439e362551cd264153b3fcfbb62c585717f61add9fd08210c9f698cba64e60925cc855154571fc8aeb0b7be6886639dc38e77e4f1148d483d34a3fe6226c897118625856dc7e7194d336662a1711c23cccc8b97dae2d85416e871072238c5456708bb9558a60344eb9dd8c5a5f91147410bc92811562878516eef5b765ed26c9238e2193d4489ee238dad11a4884e3d2d1bbdbb18ed7322fec225cf05c68f4ea857b533ee8db2a3a08d4580588561611ae7af06451b1b631d3b1c7db53d0c2a66b97de1eebe2253cadb646f548cba397969dae3b28addb23233333333322e5cc6e242a3598a4bf71d8d8b0d5541af11517a5be4d45d8d350bf1635e35c792c865b7f040b6d9ca4be764410410432257122711d59d9aa418f1aaf04a8ea4696443232f6e95236ab9ddc418385e8b10ae2adb90ce710c8551ca222bd5b853472d6f796773cba9c551655517a2912f2b87f844b6c896f62aa2cd94d52b02b1cd7b50f26062a594efb594c54460d886c684af8e063677d488d311632d6dd1ee412511edd99e4d5dd68b969590b26541b320921c41666a17ba278523f86cbdc6aec8208a5cc8578f92ea91246caeee2f523154c510c90579e7d9b6c8973b3055bee83470bb58f1bc52ab46ba37888e2f2179146c2aa3e7642d9a773d55c5c57172fb58b6d41de5fe7f9b774f6644ba57478be295f12c15cc789dfa2c628628628226d57aa4500ce2ea150d4b2742b10562f4d3783555ca66262c9a962907d0bda2c32b4e1bc6d3c8e118e8dacf93bcc5f01e4aa2208a2172e66712e709ce1589685de8ad5fb8bba314c5a8668867ec5bd3d28db97b2162c5b6b8bbdfa516c24aa825438e65c3a7728af15c5c576f6e9d393bb441e9edd4c79b7c2914f24445a91154c3208db9c33866161f3c1113eaf130a9aea8a818c57be9a148634f631430315204b464df775415473ce209208f26eed45ef3a5a48b67f893e7b234c144846c0c11b6311e33e53f77e07a4ccc957dab6dd8edbdb11ce577b762dbdf6b97322fb5fa2fd547d9adf8a6ca96f6514913b5633193a18f9104a8a8416aaa4592679816150a2a7e1353dc6fc57c50fdcd51ca48f1f28b30930c984764db92fa988b675c72dc913b20822088220820e257592d853c8e5ba962c58b16dfb6d72ebd48db9d9a79110b74db7b6d8bb1f62fb5cbfb0d4ef4c9e8ffaecbdc56dbad4453ca55479b3744b889ba26ce528e0baa7b89e499718f454bbe5758967424945944948e5229472fa91c3bb0c5dd3b288208a5ccc7c8469c7935176313d47fe8aaf5dbadb3ffc6eaed62e5fd8b16234ef0f85e9b218a181818180ac3111095854c4ac97c6c9ba6caa411f11cdb08a85fdb8fe66a0ec69b476e34b54ef4ab97272eed5b114a659b52412445444c9d9171dddc8eb08e411c66710594e1b9c7c26d49dd947feb5b7b0c6260bd09dba5ab6573aee775d8b16df1208fbc6d1ded5c5514453ca2fa247d3c156c974791a3e09622fb5c6b5ef194588d890e1af45cc94ccc93aa0f91ac3ad4f44dc28aad7d2be7a11c4728d735c468c18e6b4958c9058de8391cd117646891891306e2d1ef1aeca6ae7dd7f97fb8cb597cfb88eedfa16312c62a606287a4c8a66aaab1077b172fbb9366a8f4ba452ac0e8dc8e4b228fa585e2d052094b4cc2595b1a27754df0415aa9d59196f4fe0d616eeb61155bbb2af462a607a5064d88d9d46ce24c24c2c88f6bbd0a8f12438a71859c5995c23f04a87e4b7177b16f62fee5afb5ba2c2f6e9b162c626060590ec5cb9dcb2988f635846d55208951112c8eeabf5bd0451147b6e4723e058ab6379c46a8f998d25aab88821e0bf4628a2b2dd48b6116e41f8cabfb9a9ccbdaacc56f81e833325e8453311e710494e2dc55335388a66a5ccccc72dfa1a858ec3bdcb75588997256162c58b1136e4acb188d8cc0c0c4b6f7e8b1d8eea244f5129c6a44d21721ff477c5de77bfb4e4b08a23856dc56181808d110f05fad511456dbaa3ed1af8a7fbbabceeb15320ae55f6ae5cb973232322e5cbf4b505ec6665fa913f1245b96416dbb56c396fb354ec4697256d8b162dbd9448d54484c588719ad1d50a2cae5235555a441df193c7bcbdc54b1711c5cb216db22fba09d4e6742775245b37474ca6a9713af7f7224ca4ae8db1bfda45157a234bae3da44b2ef6f66db2a992a17552fd572fb31d61eebecd41cd302c8864882cc2caa64abb58b11b7bd2a0ff0033afe82a5c54dae6464645fdc54b9e3687f295cec29b466da9aa94957bfbae72bbf421336f065f3b27946dc727b0c4bab92cabec5ba2c5b6cac662bc576d62c588913292995196552085cab0478a3be4ad45169daa2d3b858de9efab4b75227b6a9717b14df91ab63587da9681b85055a92791f13d91fe8c6cc87c364f61ab8af11a2add766f989f88ef72c58b74db7b972e5c42c58b189888c1187191618d8844c1a963f9e856a28b03545a751637a7bb8989896f797b94a9b6b4ef4b5b84154a3fc8f99ef8fd9417ae96d69d183bdeb8abdbaadbdb7b6d62dd68d31302c58b189d8ba198975228ae4508d6d857b50c5ed388f4126629745ea54451616a8b00b1bd3f6e1f81a87dcd466f1543fc8abeeaf4c5260af97b2fe8a25cc0b162dd362dd2a96e9b0882b3d2ad3b0ae32322e222a91d3dc8e9c635ad1efc1ae964716719c8871da7db79cbdcc2661c472092b57ad51145898a2c02c6f4fd76766117ddd6e6f154a3fcfeedbd96277e8b162dd68396fb58b163b08a2b9472972e7751b10d80642887118c47d58af7386cf3304ab6a8d7c4f315db068dc98a93c8871e271c18de2d2d8c6669c45411ed5ebf22c4c51601637a7e927917c68debac9fc550ee8a3c789576e2febb536f3ec34ba1896f6ec585dae5fa3ba891aa8d8064163d0d1661d2c8239a79304158b7cac39583164412a64412a225111ae307a167a9808f99a254892c2f1608dc2d32a18ccd38864d5eb5445161628b4e2c4f4f7a1ef2152ec20d01bff1ea14a951dd08b6156ffb28d2c2a75a17f62c5ba2fd28310e12a894e24088598d166415ee52dbd91456a21938ccc95c60863615ca27731438f24432b9c36a29de6371de91cdc951aa824b3344aa411f1483a9d8a2d3b905495a7104722f5d9145818a2d328e89edf6a97f21aabb1a3d259869f52a542f75fdc41089511aa2a75a7458b6f72fec23448954640361443d0d1d52d1d2b9c39b9165688f32432b98a9675bc2a3914572185cb3905b8d734554116e23150b8f720c6b906544ec12b5835f0c860a2a0fc1c2711a25448836a98a7db907533145a7721f71a71104545eb54451d4f1a8ea551d148deaa34ec6b6efb30370a6a9527f2bfb96e85f3ecdcbfb4d6aa89128c806c088235a3b26b5d3bcf22b5a771caa371d97111ae42ee432b888862d2c5de82c8225cc1a398864f4389daee798a18d857764eeb8b54c9d111d74836a69dc235ae1637218a1c24138cc12a9e836a6271663c75330e048d2f234495a22a2f5ab5aa3a9a351d48e1d0c8dda953ec9a9fdcac7f8aa26f3fb961a585ec82fb2bd372fb594465c642321b08d6a08d72891208962c3e26387d0b47d248d3e22b90b6460b6bb9a66864ae30b9c31f741af4324b5f238459e88964116e39cd3e426682b96ec56ecaf6df0555baa0aadb7773992cec12b06cb4ef3015058daa706c67511895636a2270ac63875334e0cad337b4495aa5efd6ad6a9e366fddd7242a897cafed208858b6ce75f65d907f6e8b8bb5cb97db11231b00d80463506b1ca24223513d8731ae1f451a8fa49983f2609938c1a2c664e6aabd6ed469641c8c133411e66ae303141598ab5e2bd10babc489a83a3b9758c6bd1459446b9c70d0f520f914631aa222b4e6a68c6d6c4e1ab1bcc5c82d945818e380f69c5a860dac68d9a378e898e16950e1ccd38ae6892b144e95f1a47dcd4a42a897cfbc82a7b7e36b7a4bf4dc55e9bf4358362b8c80c1a8235ca24423113dc44b6ce635c49431b8928e568e8dc8adc45469e93d58b15a8791ce4431ccc5c83d5c331d9f81e445720e7b86230b20f6b06e57cfb64af56a34c50bd8b2aaa2b456b449df1ab6b241b514ee112e4ab231ab9abac835cf60cab9106d646a35ec78e86370b4a613b0e3584958bb4eb8c7fd3cdfb5278aa26f3ef20ff0076e5f755f6dacb8c8448dad1ad512211889ef33a95114928e2792d03c56ba32f72c8a6165c5cd5e20af444bbdc709a60a85b056c8d2f615f9091167e3e15af4515510556b95b1bd0933198208b71d88aecc631cd321ee6a0dc9ce64d50c39c45139594e53be389835c2d3209cc4625648d19570b8456bc753c6e1695507c12caca78594f148551379fd941044b8bb397bdfda4228ee47095923e27c356d41950c71745f7ff008e9739ad25ae6b46ea7de3a98261f4b13c7d1b90731ec2e5ae2c6862f688f1641ac3168b1a591cac1b2228e96c235ef384d1d1aa993a31b235c3a4442cf9048ac3e37092622391c3a46a1674870ec5dc8492586333111cc1b553b44ab81c3786f317a0e7b9564e03520a691e2b9b1327af73cd3517981e5578997bfecff046fc470aa3bcfb4cf300c3557613ddae12ed1954f61156a386c8d77e8c9531c64b5ce51f2ab855b9642c475134445a9a91d5c128fa78a41f46a83a39185f658daa60e699ad93d4ad46a259147f0c6f1049057b9cad8d056354744711cd54911459448954e1b4584e22b55246a8e9848dce386d2ce4257b8635b7e1b46ba68ca6aa9267f0a245a8af6c63d64997c1a7b1dc455257a22564f92bbf61a82f45f65f6dabde0711b8aa89939269ce68e592256c88a59aa35f2308abac4752d708e45f699ddaf7b5a92d73509aadce1d31999172e5cbed723a892322d4de8475b0483a18e41f483a291bbac6d5307347abad1e1bbf0556b244337225f35635a82a5c7b58835cebf11473d5cac8da8590744d388ad5491074aaa4715856a296ef1d1ab896a21a664b512d40d6a34635d22c54cd60d5b2cb2a352aaa55ea3d7f62ff00a572292c45299dc471d9525d3e1909292a61127b2a3dae2c32a2461156a28d95aeeb7391a8cbb91f1e4d9e87225a59e22fbdcc8bf4dcc88e67b0a7d4265557a20e8dae1d4a83a07b47bb02ef78912182a1223c63da85ee2aa20abc45489c82f111a9657315b624e1a0cc94cdc82b95cb1b189b2c4d531561153c92a7d9a56cf5ce90c7b90d22a8d6a35091f825554e6b71cf157f6ee762feedc470c96c3271b309208e1149618a64974b1ec9e056d419b1c35ce68cac5691d535c23917a1df93c2defb589696294974c25a79a2e8b97e88e37cab0e9c470a3111113a1d1b1e3a8da3a091a3dd81eb9048da70c91ae192a08e451cf46975955212d26296456bdabb2b5aa704f5b089924e454f1c25457a3472be55f04503e52281916d624758ad9c5515dfebae643641938ca8192a288e323c9369f04a4da7544466ac56cc239aa326918455a83266bb67351c88f566c8b717b1e4ee87625a382525d31e84914916f72186498874f68c891a96b7b2e6b5c3a8d83a9e4692b958231cf306a1c241ec541b308e470e7a34bbe55484c5ed389612ef22a3427ab8e14967967544468c6ba458691addac781ef2aa6b24aebaaffacb755c478c986540c9ae35e642292c514a9369284b054538c94499146a8caa7b08aadae11cd71c3b0af7a0c7b4becbb64a5dae25a0824174b7de0d3e368d8ec9ef2a2387d246a3a9a4692b9cc1ac5788c6a0b1354744a239cc1b2228aeb11d23e415d153327ad7c863dc828dce18c6b10b0ae1ef279ac934b7555ff469ecb56c67ec5c470d96c3271938d9514471917b93e9f4f313e973c664f89cca911d1b86be58c8eb464ed70a8c71c32d221790c9c5dc235ce1b12a2aa22fea2a228fa589c3a96568b937672a22474ce9c6471d3b6a2bec3b29148607cc434ec8b6c4bd873c925259c9aa1ce5bfec7fd7fd02386c83261938d984788e1149238e549f478dc4d4b514e4732a093a289619512308ab1ae1af6bba725332ff00ade458235194b131d3d6322259a499512c31ae7ac1448858443c0e70f90966259c965b97ff0079711e3651938c9c6ca8a238b8af5459a9296a09b499a31fc4895954a24cc70c7aa11d639a4752c797bf4dd4c8bfea4b3b2249eb1f296da0a37c8471b634b162e39e49292ce4b30e7ffe02e6436419311ce326b88f4531452ce69e994a8d1e1793e9f53008f568ca954192b1c326918475a83256bbaf22fefb9cd6254578e557a90c124cb052470ec8d3c0e70f9092625987c82bbfdf20bd28e1b20c9864e3271b25cb97da7a2a79ca8d15c84b0cb0ab2673064ed788aa832adec23ab6384722f5dcbfb73d6b63259a4997c0d457ad3d058444443c0ae1d2124c4b38f947bee5ff00f0f71af19311ce3271b288e42fb39ad7a5469104a5469751091cce62a3cec3247b08ebac32a18ff7e6a86449355c92af0d1a8ff14f4524a4513214d95e3a51f38f9c9261cf157dca2869f916474156bc0565655d3c6cd4ea5ba7d3d46a34a94d2d5c74148ea9740e772d4d491d4724f8a2a5861a69168248a48236e954b4b172f1fd3677494ab0d6ea9411431d2411cb47feb6e23c6ca32719503271b222972e5c9e9209c93497309229232e64228ca9918455ad51b235ded3ded625457dcb39ead7e0d8a19aa8a6a38e1dd5f61f28f9c7ce3e6164b8e5f7a9ff00c1b2f9ea76facd77f9caa868a5d475591efaad5168f8df656b35b55fa81ae76909bfc0ea1fe34d53fca3e66b7578615a7a6a4a9e597fd75c470920c986540ca819308f452e5c5ee935043213504d18bd96e5c6bdcd23ad7348ead8f11c8bd2ab62a2b5ac2495f2aa70a21924923e9f4fb19235acf0ab61f2924e4938f985797d97a17daa27c2ed3a16d0523f98596bab268dfab6a72365afd4658ea63ad6d2d63ea22642e924a6d41b510d243124d4f594d2d3d1c31c9346ba3d3cf04f471d3d153be4a9e3ea1aa48d96bd6ba1974da364123bfd8dc478d9464e32a06540d96e238c8b92431ca92e984b04916d72e3277b08ab864ec7ed354b2226aa7caa5c828a49d618a3807a2a88c468f92c4b312ce3e515e5ff00f3390920d986540ca8193892219173c92d14321369f3305456aec8e5439a9111ac7cc51e378e292a24a6a08e232555647615d62494967249873cbf53d8f67fa58e37caf54b2ffb0b88e1b20d986540ca81b308f321147c71c892e9ad525a79a2de197ecd369aaa31ad634b2347c84b3134e492dc577444e46be0d4a57cd5f1362adfa6d4e1ac7e74d36a147b1d1bf6a46c71c0da77baa2463a3927a7920da96b569a39a4e774b18d57b9891c54b4eb1712bded9748296964a95a8d3e7a78a9e8679d953493532c7453c8ca9a29a99b4f4735436a68e6a6434f6358dd77fb935d444a9d2d116923a79258a9e9e4a9934e5a84934dd3f8d0d4d3494cfa6a5ac8a37b1d1be9aa64a6769f593ccb8495f552e9d3c71d3c12d43ea282782386827999534d2d339ba754b8aaa49a9482827999534d2d33bfd3dc478d9464e3271938d9447991725a3865174b7650d3c74edfe2c2bac49292ce4b38f7dcbf55246da58e85dc7d4aae57f3dabddd52fa68a2935bfef4a3878f535503e4aed619c1adaaa74a9afd4a7e3d614f03ea25af998c8a18a85d1e970373a2a29d91cd13a1967ff0453c2e9e6d4a56a1adfa648d73d0e691cdd16996fa2c14d9d3c8d893456264eaca195ecd729df7354ac5a79a92a96a68f4ff00f1da07f7fa2fe6d27e1a5b51f5f5494ab57aa4f154d4c51ba6935191b0c7474efa85d323a763a97d1a3a39c88da44e5f50462697aa48ee518aafd09b489cbea28c4d2ffd55c478c9864e3271b3092199909dccac3a4259c96a0926b8aebf5c0e6b259eb28e77be58db3beb299efaaabe3cf2d5d348faaaa6d4555548c966a2a94a55524aa492829b52e051b2689b485156c1053492d02c7b51d4a53c74ee89b23aba89d4efc55fa755c74ab3c946e8d2b61962a9ac492296a51f450d4a4745055c5cacb5b12d26da854a55486a3549572d255253c34355cb3a9f50a7a57d054a52be82ab959259a26cf255514ee9dd1be4d36a994932cfa72ac1591412c35d4b4cb4557cb934f49c24aca7969aaeb193d2d54d0b29aaeb1b2429594f2d355d6327a6ebb18962dfe8ae23c6ca3261938d9c498e38e9c92a09271f25cbfb89febe59e4993dab9717fd36423c494e31c71d30e9055f7905ff006fd8ec763b6f6ff4d72e5cbfb69d4bbfd2eb4fa5d69f4aad1b048e9be935c7d26b854b2d4d1cf4cde88a374d27d26b8fa4d71514b3d2914524cffa3d6da48df13da8ae5669358e4a8a49e9b6631cf73748ac54a8a7969dcd6ab9cdd22b1cd9e9a6a7711697592a5450d4d3209a556aa7d26b89b4faa82329a927a959a374327bb742e85d0ba1741b88b88b6ff72bbfd4ab0a7a895da4aea758692e57ea9ab56d4c159f53ad17b9fd47f87a237ba27fd52b4d32aab2aaab5e9f8b550aa69da43751ab47ea8d6d5e9b4553ca4d26a558f7534ab5da5902334bd39fa855bdd3d4cd5068b1321a59752ab92481df54d36926e5ea26d5aae4769156ead8e7670e74d4eb108f50af924d726e1d250b69dd369f5eda8a9d57fc8ffe357a297fc0a9a37f92d434ce6aa2a749e0c27f527e1ead31a945a6b9caf761cfe8c94156aee03e0d113bab7417debdeb41451b729354a44a94669fa74ab5f44fa37fc3fa70fe9b5ed3a5a634a6a5150b9caf71a053e736a551ccd59fd3dfdf6adfe47ff234bfe054d1bfc96bdfe436fea3fc3d34702d4d4ebf3a221054cb4ce76b158a4ef7c7a108aad345a97d4b644482b7fa91171359f5e96cfbbfd3c7f4eb7189eb93b4bd3f8a6a95fcd3c4ee547ff1da46dfd3dfdf6adfe47ff1bfc6f4cf62686692f6b350aea086ae7fa3403d317d6c34f5d1fd1e94a5a783ea7abc504355b68491451d54cb515052e9b15553b34ba7a476a95dcdc9a73691ee5d118e1b25269503dcaf7413d3ea344cd22181dab57255bf46ad6448ed1627bab2aa0a4a3d3a38e5abad859531fd1a02b606d34fa3c4d92b35ba9e3d51454e953369f431d1cf57a6455150e4c5dff8cfe3ff006dfc7fedbf8ffde2ff00edd7ff00e427ffc4003011000202010205030402020203010000000001021103101204132021311430322240415105505261234233436090ffda0008010211013f01decdecdecdf237b37c8df237c8df237c8df237c8df237ccdf33992399237c8df237c8df2399237cce648e648e648e648e648df337cce64ce6c8e648e64cdf337c8e648e6c8df3399339b239b2399239b239923992399239b239923992399239b23992399214e42b3b96cb65bf7316272744380bf27a043e0119b837131c3eaa170299e811e811e8113c753a23c0a6ace2b1ec956b086e662e05bf22e011e8119380fd1971ed7a7098398cf408e2b85e5c74c6ad90e094a367178b63af7e044a28a2bd8ad56367018ff00266cab1c6c7c798b8ddd2a64d6e8955948fc49f19b5d1ebcf5e39eec9662f8a38ff9bd7f8fc56ec9cd638d8f8f42e3cc7353567f210a7623f8fc74ac9e4db248e261be06454cc5f230fc11fc87cfdfc6411d8ec763b74d1b4a2850125a703e19c726e23c7231a7163e324852dd92c8fc4e25372746c91b2463f998be28e3be6f5fe397638e7f40db13699c3f14a11a671b9964f0628db3878ed82388cbff00289ee89c663db230fc8c1f047f21f3f7f11028ad3bebb4da7646f2c42d786cbb25dcb8cce4c1fe07c2e3665e09576210db908f81e0c6dd9e9f113e1f1a47fec317c51c77cdebfc7fc4e3fe23d370d9c1e3dd21bdb13364b9d9c1cf740fe431fe4c5f2307c11c7fcbdfc3dd98e06c39672ce591567643c88737aa10b5d929782e703d54bf6438d95907ba36668d6523f133e79465e4f572fd9eae5fb20f74ecc5f1471df37aff001efb1c7fc07a61e15e48da3370dcb5dcfe3f1fe4e26f6521f0937f838384a0e99c5c37408aa9983e08e3fe5d11250ad623eac1e4c30ec6c1c4da6d204fcf4a10b5e0bf271b8ed761e2663c2ecc6b6c68ccff00e523f1388c4e523d333d33230db231fc51c4e1739bec7a497e8f4aff004703f4ca8e271ef80f8662e199c2e37081c7777470b0db032711083a67abc62e2b18fea89921b72187e08e2b0b9cfc1e91fe8f48ff0046486d7a45ee544e14f4847b0fab0ca998f3a485c544f5311e7473c8f932f9e95a2d7065e5c8596122a07d08cbc4c628dfbb211c91af26e81ba03940cbff0090c735b57737c0df12738d11cbb3210e261245c197044b3c228964e6e414e2a3e4e2b2dcce6488647670f95381c4a5bed1866b62ee6f81be039c68e2be5a4654769c4946995503676d5e88c09598d46bc1f4ff0089dbfc46d7f896bfc4465f1d6ba37d339b21e763c8d89d339cce7b39ece7b1e4b7673d9cf673d9cf639db16568f52cf50c799b2391a3d43252dcf559da1e767a867a867a867a864a7b99d8d863b89286e2bb128d9ca43da894b44614ecc7bc5b8499b4d9a4bbc7aac4c4f592ee3369cb39472ce51ca3927251c93927251c947211c947211c947211c947251c847211c847251c847211c847211c847211c842c5456b68934c956a8c1e4c6d50f2c50b31f53f054f45e07d342456b93c166e379cc66e68e6339ace6b39ace6b39cce7339ac791a39cce7339cce7339cce7339ece7b39ece7b39ece7b39ece7c8e7c8e7b39ece7b31e494b5ca9a7d28c0bbeafb11c924739e9127e7a9744bc0868a22bb928db394878950b15a258ce5a44710b1fd544a290e16e878911c568963394a886344d2b210b42876b12b62c28e52163ee4b1aa163490f55dc82da87909ba565a9c49c69ebb48e331f662d178d2f444fa5757e46331fc8fc8a45f63f07fa252b950fb11bdc35f568bb791ba5a4d98cc8bb984caebb189772fb89d95d89f83cc47066c638b441577253b65f73277898e5b5938ee56511c6764391855b31e28b46586c7d287e3da7245f7d189d1b99bbb0a5f8253af026eecfc9bc52377713ee49b63b6771c98a4d0d36cc6a89a6d914d09bbb15a149a436d8e6e8ddd87224ef543f8698d9b50c7df4c356432463132e4defa57b36363144687d30563a45c4b89f49f49f4948a45236a369b4da6d369b4da6d369b49b2f5bd3cc48e3e87a41117a5f4ae9b2f5da764218d0d74623279f66cb2cb2d9b99b99bd9bd9bd8fc12f3d0911c7ad9e451a28aa110658e47729eabaab473436c4b56343d71a24fbfd947c93f03d146cd8434b2c51eab2fa974b924399e4647c17ad698385966f0713c13c2ad885d90fa238db39238b5aa567298f13ebc5e46accb8f6e905d8a26a8831c6c4ba97b568731b7d2ac4ab5661c5078f7484e78e29c3c1fc8cee0931449f68f4455b169256b5846b5cb1fcf562d33f8111d268ba212ea72378a65f5782f5b3b946d36f4b1424f15af0619463816e38c8cb75b2265f1d189743f24577e892b5d58bc136ff064bdbdc895a31e3b67c04ef5721c8b2c8bd2cb2f57e05a342895ece1e29421b598e1ea17667f20aa08819bcf463f1d0fc91e9974c3e27e4cfe046395ad6a8cabb902c6c6c7aaa2d09a2ffd1bbfd1f1447c0fc091457b525a63cb2c6fb1933cb22ee63f064f3aa23e3a574325d0844a491927bb483d5b2cb370df431444b4de6f1f73f1ade97a2f625aaf04bcea88f8e95d1374ba61e74cde758eb2bf6246f62cac8e639a734a28a28a28a2bdada85044dd21ccde5b37b314f72d64f48f46697e3a712efa4a299b11cb4282e8da8d887143ad28da72d3393139313928e52396bdbaea425a710ea0598e232463c8e2c8e64ce62376907aca548f26d1aad71742eb68d86de8a3695f66b5e2dfe0427d8723be9016bb8594e721b7210ba31781fb4c7651b4da57b97d15d762389772d2c8c47a416b67663b427fb28ad2f587825e345ec3fb5be95aa32bb93d126242a638d6965e8e25b5e44ac859b9742169b4af62bdebea5d365eafb21f914754cc7ff2449611c1a2b5ab2386fc93697d2868dcd0b27ecdc8879f72faebd8be9b2cb2fa5191d44aae9c1976c8d8a64b0b5e071fd9b17e858d7e858999a4a0bfd97aed36b302faba5f9f6e8aeabfb14667d87dfab84c9ba3a471eef23c51fd11c291c5648e38d939b93beac1ad963f61fbd7edd9640cefbd17a52291d8ec60cbb24432a7e48c95761333711182389cf2c92b371b8dc5eb83e3a3e9aea7f69659b8b2cbd208ccfea2cb2cbd13d31e6af24727e992ccd7e4c995cb571d6c4cc4aa3a3d3bf45f5b627ecd8cb2cb2cdc6e2f4b2f4a2113c1395b2cbe94ef4de6ed6f571fd68bc915487ec2e966d2872a17b35ec514b4b20495a25c34d0e2d79eab14b5b2cbe86acc4ae6b47eddf4ca36c5a5f7ebbd2fa2cb2cb299180956b489608489706bf04b869a1c64bcf45965f5f0eae77a3f6dc5dfb15a5fb37ad1b050230f669325c3c244b835ff00525c34d0e325e7d9e117e747adf7f76fa1fb546d1631633615ef5264b878489706bf04b869a1c64bcf4f08be9bd1fbecb2fa2bad2163163144afb569325c3c244b825ff564b86c887192f2605505a3f7de8bd84850163140afbca4f57ef5e9425d4a04710a057f60c425d50428ff0067425d7113fe92fee6cbfe85bfbcb2fef9fdfd965ff7d7f6b65ff517f6565ff577ff00c6d7f78fff00c39fffc4002d11000202010304010403000301010100000001021103101213042021313014223241405051052361524243ffda0008010111013f01e181c30386070c0e181c30386070c0e181c30386070c0e281b319c78ce181c3038f19c78ce2c671e3386071e338a070c0e181c3038a06cc66c81c7038a27144e389b206c81c7138e26c81c7138e271c4d913644d9138d1b226c89b226c89b11b11b226c44e9232e7af4c7d54bfd17539059b2b39337c7666cea089f5ff00e1f5b2175b23075b6fc99b27d9687d6b3eb59f5ccfad6432378ec975ad33a4c8e6af5c9936197aeff07d6b3eb6463ebbfd3165deb4eaf33c68fad674fd56f956993c227d5b4e8e9b239abf9f37a3263bfd9c5ffa71ff00e9b7ff004aff00df82c72378f21d74ff00462c7c8e85d0197a3d8ac8ba66ebc24bd98fa4dcacfa067d0b230d98a89fe4741f8ebd7e5af0462e6e85d1498fa264e0e2e8e82633aec972a230b56609ed998e568cbf8997f36743f8fcf9fd199c9bf06cc87165ff000e2cbfe1c397fcedb379beca63f049e9d67b3a3928cbc91cd0334a3388ba34c963d98a897e474924a3e4e481cb03335b3c13f6741f8e8cebdfdc746bef23144a2a8cfd2b94ad1d1e1707e4cb2a899a5ba6cc18bfeb1fdb23a49ee8997f132fe6ce87f1f9f37a33dd89bff48abf721421ff00d1b31fff005abc890f31f7488e11412d263d3a9c5bd5a29c4e598ba89a31756d13c9bf112f62cd35e0e7c84334ecff00f913fc8ff8ff00c74675ff0091d0fe62d36236d1d664db1179661c758ceaa1b6674193f465fc4cbf9b3a1fc7e7cfe8cafc9b11c48e0380c99769be722385bf64714515ab2448672463e18a30c8c7d144c9d124892a6627ff00512fc8e9ba78ce27d123e8d1923b71d13fc8ff008ffc75ff00905f71d17e62f4332f57b1987a9decebf25ba3056eb62eae28eaa719f9474b2db324ee065fcd9d0fe3d9222f57df952a278a3670a388e338ccff00e98bcc7b9990633abf6749936cbc8ba98997a94e24ddc8c2bfea25ece9b3a844fab89f57127937e327f91d3675089f5a8fac475bf72b304f64ac8f56a897568ea3229cce897ecea65ba6430ca4ad1f4d33e9e62fb598a7bb1997f3674d994627d5c4fab8909ee5a496d7645de927e45dd38da250f2719b19c6719957da74efc77325e89699f16f43c7247dc7dccc7825263c7b711283b2a4548a918af889c1d9b646d9118cac7877e32582512a48fb88e29488e3e3c63849b3a4c551f271449e25466c6d48e99bdb465837266d91b6428c8e9bf1d1c6cfc589d97f71bb5bd664fd9e4f257fee93f460f12aee64993d5635247d3445d2c48e18c49c2d51f4b13e9627d2c4fa588b124a8fa689f4a8fa547d2a1436aa258131f488fa4447a78a258933e99108ed5acba74c58123e991f4c8fa647d32211da3b3793a90a5458a46f126c4b5993ab3c6be462fb72773431a1ad20c52390e6673339d9cece667333999ccce7673b39d9cece7673b39d9cece7673c8e7673b39d9cece7673b3999ccce667333998f259bb5a1262b16b93d13f651b4f05a1993c3b23e576b263997a63f6289b11c48e24461191c28e1470a3811c11382270238222c5167044fa789c08e047023e9d1f4e8fa747d3a3e9d1c1138227023811c08e0470238512c715ae2a7dd918f5a46d4333230bb895a5e8c9b1eb0f6210c93a8909ed5673b167764b35323999ced92ccc799edb2191919d2b165764b3532198e7764f2989baf264c94c791dd0dd2b1e667332593c11caec791b62d5ba26f7314082b6538322ed6b743c9fe0d58d77645e0e9dfebb64c931ea8427a66fc46bed1c6bc15e4fd9fa2096db17925b76d1197da7e87e5f812b7a417932d7e8c4ee2750618df932bfb4af03545f921ec7e2429a3908cd3323b230a457831fe44e3b9107b5d164b21e59180e24fd9e3b6462f12ec64992ec506c8fa16928ee543c48789593c5fb218efd9b13428aa38878cd9e070f046342a45214158e29b1492465959069226d3452aa1d31c53145214514ac5122a8459647f2d2745b231b146b46644afb99ea5ab6498de890a028ad1c85322ec5d993ed149b2d9722d96cb66e66e371b8dc6e2cdc59b8dc6e37164226d28da51435521cffcd53a13b3d13c9fe12ee64c8bf036390dd946dd2cdc79188868996599990f5f156945146d46d46d46d447d905e3b1b2590f7afa2c52687272d6b5ad193232a4396b659b4589b230464f5a45118b3d1450d3464647d7f09fa31fb168e746f4c9f63917a5767936b36b29e8c96b65d8b1b62c62112fc89698fd9bcf664cf1c7ecc39d647e0912f2c5d8e547209df672237aef9fa14a8c395c9e991f92c83b248ba2f4aedf02da522914b56346d6c58bfd12ad5963af66477a43d891927252a88d464ea5ece8e3526c94fd91f32ec93ad62eb593bd71cbf5dd934e9fd8c9fbd20c6ac68aed51144e14ce138e8a653ec6bcf66e2d9b91cbfe0e763d31fb228dd1590c916f2ba3a771aa464f662f7d995f62f437e3b17beec9ec8453f663adde065e91391245ee1ad544512842286b4f3a33f648b137a6eff0937dd174449e0dd2dc4e7c4fca3a395cd99553317aec9fbec44bb576cbd9ff00e4e9fd9464853bd7d98bd512121445128ad2cb1b1b66e22dc9937e7c089168dcca289f7e2c95e18993c6a6bc90c3183f0667f718d78d592ed7d885d8c6471b97a30e2717a4d5eb081b0d86d12eeb1b291488c68dbe6f4a28a28a327c1865e6b464ddc85eb563ed7d9056fb66fc698178d65eb58b5426be2651472337b37b37337b37b37b37b1bf813a672b2799fa22ad9c6cd85236232c29eb15a3ecc4bf7db91f8d212691c9237b2537d9bd9c8c849b2316cd8523c1e0a28f078efad2c7f031cef4c0ae478324c4d9164e2a4896268d8cdba496b18db3d1b8522f4c82168d8df742544731c8d9e74b371b8b2cbd68ad2f4a1af81ebd2afde8d79144f1a4c7aed1e3388494463ec9fb21ec5a377de8c691b92390732fba8ad2f5a18f4bee4acda8674cbedd289484cb24f5a3ca13b1a2cbed97b21ef493f1f0213f8ef5a3d17a34577a450fd989545163637a277a515a265265d12a36bed7a720e5f058bba8ad2fb286fb286bb299b451d18bf2d1bd689fdac593fd1493ecb1e5af4413f6c4cda98f19b592f5f250bb28f08dc5f6fa3d94515ab89b4da2895d92f447f213bedcb1b5a59b8decdecdc638ee7d9b8dc8ccfeded5f02d771e7b9447ad7cb3f4625e45e3bb3469e8d963918e2e4c8c697766d12369b4af823f13f3a51425657c15a51465312f1af92d9e4f26586e435ac20e462c718a369b0da56b97de904568d7c11ef6b5a2b4ad6b5a369b0e3369b515a66959897da514515a35a64c4388b1d90c75aa917a6d28c9f908894782c6515a514569446164a35d97ad689091b471121c4d88d88ad28ad1b32b1f9646348aee6b4d86dee52d192f2c8fc0d576c4721c88c1c892ad2b5a28a1965eb5af8370e4ca3c1998bd91cf062927ebbdc75a2bb53a32bfb5bd23f1a83abedc734912f2c434ab5ad68a28ad6ca66d3694872439a8fa273bd6da1669a1754ff647a8831493f5d94515df9dd42b48fc719ada3ed5a6ed3669457751e843921e41e527946fe0b62cf3447aa7fb23d4418a49faf87a9ff348ebb7c5fcbb7b23efe1b2c79112cc89661e51cbe6b6473cd11eadfec8f51062927ebb7a97f7691f9e038f82b5b377758e44b30f30f232ff008b6c8e79c48f57fe91ea20c524fd199dcf48fcd44347ade896ae63ca89672595b2ff00996f58f7ad1f6a4550e4365927a5e92c8913ce3cad9bbfa28f7aef4863637db96744e6ff00a55f3274498fbb2792512bfa351f9acb2fe068701c0afe822bf8abba8701c0afe6a5f2bf8acbef711c0712bf91457f3d0f5711c4afe2288a057f4db4712bf8090a028e8fb5fc162fe551b4a2be3a1212f8a8a28a28a28a2bf9b46d2be0484b44291bfcd16b4ddd965e965eb6597fd051456b425da84994ec7e8dba3eead16b5f3afe1d14515dab443d1ff6eb443257fa2dbd56be7fb15abd17ec7ef45de85a3d5ff4eb57a550d695f1576d7f4ab57abfed96af57fde3fef1ff0078ff0093ffc40043100001020403050605010703030305000001000203112131101222203032415104134061719123334250815214606272a1b1c17382a23453d1052492437083a0e1ffda0008010000063f02e187ec57042f62b861fb15c30fd8ae187ec570c3f62b861fb15c30fd8ae087ec570c3f62b861fb15c30fd8ae187ec570c3f62b861fb15c30fd8ae187ec570c3f65c30fd970c3f65c30fd970c3f65c30fd970c3f65c30fd970c3f65c30fd970c3f65c30fd970c3f65c30fd970c3f65c30fd970c3f65c30fd970c3f65c30fd970c3f65c30fd970b3d970b3d970b3d970b3d970b3d970b3d970b3d970b3d970b170b3d970c35c30d598b858b858b858b858b858b858b858acc5c2c5c2c5c2c5c2c5662b31598acc5662b3559aacc5662b3559aacd566ab3559aacd566ab3559aacd566ab3559aacd566ab357d2be95f4ab3559aacd566ab3559aacd5f4ab3559aacd566ab3559aacd566ab0560b97b2e5ecb97b2e5ecb97b2e5ecb97b2fa7d91f156565656d9b2b2b2b2b2b2b2b63656de5bef765c2b811f11a9725c95c2e4b92a6398ae5b5c972599bb04b54b6eb8dc2b85cb0a2aec05ab62636654c34fd92d85970ae147c2e9694d9a039abc957668e594df03b91e89c9feb83d1dacce5286aaed9a155a85986c86f4dcbb07f8fa15472e35c4b8d71ae35c6be615f30a3e0b4b66b59caad9bd709a271a357015c0710e41e8ec58ab2b2b2b2fc2727fae0f4eda10c6c58ab1d82cd8cc89d873365d83d1fb41dfe9135ab4ad5a8aa092d4e92d1a932720c9d93b1ceed8ce31fc238cced656a29feb83d1d92e4ec2b60b963c952c706a9e017ae2c38053d8760ff00b1735cfd97d5ecbeaf65677b2e177b2e077b23bca05519479a9bf515a5a02a992a1cc7c968d216a24e1359bab71a7455c48e725c2b8548f447128d55d5d5f129feb83d1d92712e455d5d04d3837d50c4330684710761d83fc7d959582b0560ac1582fa57d2be94775a59f92b24533329f92e0687349070aba67c97c36cbcd6b793b4df496390a98d8b2aa9047196d5514ff5c1e8ec9d8388403b09a90c0b938e05e884e18166c3b07fd8aeb897cc2be695f3caf9ebe7a3b7a184a9c57cbc82d2cf7c0447bea04a4116c08725a9e772f87d1386142b8b0e4aad5aa8b4e0719001582b0560ac1012081453fd707a3b27d3714c2fb80eeb87aa9e2ec1ff0064bababe174763430b94e2bb22e1cc7cd50482d4e0be1b66aae90f255dde5e4f0b3b6eb50db9859c23b86faa08a7fae0f4764fa6f026b300d595059ba600a0ec5d83fc7dd5d5cae257d8b2b22a4c69256bd014dfaca935a029b9c02930662af94792aef98e1c9d849c172545c45712a571737a270470990ac1725c97253a290453fd707a3b2779991f2c0bba6394a2302de88e0ec1ff0063e25c617185f302f9a17cd09ad362e526340552a4dd45534ad4667c0f7b105d5c2e4b3b0abe3229c307a76251aababababaaa29feb83d3b64a389c42ccdbae4b92054f19156562ac566184baa9e0ec1fb99787be365c2b817cb5f2d7cb53e8535c3984f04f3f083d311256c2c894ec1e9d89468acacacacaa8a7fae0f468acacacac8829deb839a8d159590a2cb8b420cebb907a2cd83b07e16c6dbc1beb2e156d8babae20b882299e5440f51e1258e47ae58d113838a7e3225725c9725c972599a8a7fae0731570ae15c2b8570811cd1c27c955725c9725e43068f34d52e9849712e25c4b8971632e88a760ecc55c2b8570ae15c2cc3666a7e2acacac8a890ff0029aee87c23a11446375c45711d8923ba727faee1a5078dce6e4117227073d1d8914ec0b7aa29db81e9b32384f60f85bae25c48acbfa827f840f081175d5541d8b2e159de6aa42c8ab1562ac558ab1562ac558e0e4fa1bab15c2558ab1562ac558a0b2394e19556ab1c6ca8d2b5502cad54e6b84ae1280da6bc2b14d32282750ab1562ac558ab1562ac50f4daca6f853008f882a1bfa15ea88e9e126c298f3cd49cb92e4b9614c6477395bba905455c792e58d14ca93b190d99a93b7921b5452e987921b3655dd5d5d5d5d5d5d5d712e247086fea13fcebe15cdfd2535dd0abababef6fb37dd5d5d5d5f7d7f03453d9a2aef6eaeaeafb37470cbfa4a63bad3c25939b2e209e24b8570ae15c2b8570ae05c0b81702e05c0b81702e05c0b81702e05c0b81702e05c0b81702e05c0b81702e05c0b81702e05c0b81702e05c0b81702e05c0b81702e05c0b81702e05c0b81702e05c0b81702e05c0b81702e12aac556614d9b2a3777cd73dbe6ac51c22c3eb553fd27c2b0f9fee5d9595b71757c27c2d5aa6552614d9272916c9595823843fe2a27b7cbc335c3984419ae6b9ae6b9ae6b9ae6b9ae6b9ae6b9ae6b9ae6b9ae6b9ae6b9ae6b9ae6b9ae6b9ae6bea5cd735cd735cd735cd735cd735cd735cd735cd735cd735cfd9735cd735cd735cd735cd735cd735cd735cd735cd73549ecdcc95f7ba5bf95376a72a6c6a1f954199bd570a3835dd0a07a8511bd0f856795135db8ef27e08bfecf33b523bb9344ca9c4af9290c66a47191c0e308f94913fa878588cfca9f43b614bc951594e58542a619a4a4aca60616c784e197e9c2db139633961656c672c272c672c672c6d8db792c079e14beea6ea05412da9cb4a6b49bec1c5ecfd2e50dff008f0b2fd4249edf2dc49128bca2bcca0a68bdc8e01a8b02ce6ca40530ccaa1141ab31b2ca166c0b8d823879a33525452e7b218316b5650a66c8e198df1ccabb8a6c3300b29c2636fa0eabfc95455c3a6c4948894ba219af89c5ccfd4d4ff2af8563ba1c1edf3da086194632c328b2270f3c000b3394d64531801b04aca112a78646a9aa6c971c429a9aca1138494f0ca7733d86e0309155d9d226a6ea9c6a5499eeb9aa1527594c639a55d838c2779a737a84474f0b0dfd5a8f9d76e4a780c24a78640a688c2984b9e15d9c811389c09598052d9cbb1244e27032b05218555148a980a4b34b6c218cc6c4829bd53db0aa932ab51d9c86c76ce334c7f50a20fcf8597e9298ff00c6d1cca6b20ba99432ad5809ad22b8571aad2b32a8520a654d48ad230caa683429ab2ca1488541b8aa9acbcf00d185111cd02aa1485919a9a961946e06d741851667ba41498da752af4db665ebb6761bfc344c7fea1e0a4d04ad5a079a9bb59f3595b21e48f9577a247c5e51e2c238e91b04f45336e43700c4d2d526b76cec4567e5077e93e028cca3cd4e2b8b8f45286c0d5328564a8139bd7ed76f12549a14dfedb447d06db5a469ea54e599fd4ee4ec0fe212511be5bdd10ca9c67fe02d10c6cd54819ec50219ac7ee6778549d4541254d90c877bcd657f10fe856578a75c72b1b32b346a9e8a941b8ad4f40be423b0c7f4383dbd0ee64c61729c5706f92e0cc7a95d36753d4a137f2b53b67af92cb2a4d4bee2ede746f554bf5da756a392f2170102ca32e0f45d5c6e5657b6617c17d3a15f11f21e4a4c6cb7199c6411640b7ea532e335c48ecc377f0a77f1576a4d132a6ed03cd6bd67cd500685a44d54cbd151bef86b780a50c665c521e4aaa816b35e8a9b1982f55e6dfbdc9a26a6fd476a650c93973a289a0bb3142a64396f728d6fe814e2172fa9573ab3d1d92dfd254389f8d8a3243a95f15d9bd14a1b03701c95a7e655fd94dce0df55f0c17952126fa2d466a8b31d2d4285ef526d015533d93203d4a70f354e7f7168dc868e6a436664a6868997293dd3ebe4535c74bac7cd486cd36f3447008b61e866d1d97b3f504efe1aad0c254e33ff00016887f9d9aaa1ce7c9499a029b9c49c3a79a20ea5a1b939493db11c48360a63faa74f96c9c68a7d7ee12dc83b39738cc8ce7443fee432b3cabbcaa2d83a9dd5667ba676cecc33e72522a9b3ade029426cfcd6a7e140bbc891006accc68985a9b53759438892a053aa9055dba05a9f5e810681268db087da0c9abe59523718ccaa612729b56538b729956e99138873536fe9aef751af40bf4b3a0dab6276414d7751357c26e700b46b2a8728f25533526b495388e9044b3574256678cbc93f9b5dc94beb36529faaa594c0539cd01d5486cd48685a44fccabd3c35969ddd3c013844f5db96c48a90753ceaa9bbcce3208b605bf5299333b365c3fd57cbfeabe4ff0055ff004ffd51da64cf0d155d33d029426e5f3537b8954135af4aef679e48643221776788dd358db2a0965bacce1a7a2d2ed6831d59ad20494e272a2cac65d6688e0d5a04d3b6e4ae30e78cb9781cc377985f7ce38c4f5dc66e614c6fb2b75bd4de7f1bc3b5425510990d9f5599dad1c9a415accca34cad2539fec14c366e77f44e61b7540c37502336e695939dc2450a688626e05667110dabfee39680181732aa7d9348e6361db1e6abe164a5e20e313d710419eccb0ccdb6ee6f2b2c3d2dd9e4b96e0ecc9ab2c5757a23dd431990cefcb554a9f35dd9b95a0e91744fd22c9a5e27c97c29e63cd7c477ac90ee8ea1d16887947572262c5cce376b565810c37cd55c4ad4435696cfd7187ebb0ec66ab8cbc21ddcfa6f5beab314f129654ff5c721e7b53c3bc867473dce583a9dd5667999dab2e156d8bae25c68ecd1d2172838b4cc73598bcb40e439ad42a392fd5990ca7f2bbb9507440f029bdd98ff0012941847fc2ffdcc797f0b57c08533d4aabbf014cd3d57552015b1ba63472aee3cb6878c76f5a1086c13513bc17b27fae3f94d775d9ca2a57c5ffe011953c826fa6d54eae8a53cade9b575c4b8d719572b9e16565c2b851d9349d1113af408172744fab92311c26567346f45960c3cde8be2c46c26f4e6b48ef1dd4a9374b7c9733e6b53bf0d530d96e0bbaec4fa6e0a6a1f67384938f9e113d71ef1bc5f50597a6c9e4b4a76ccdc6416581ffc94cd4ee3857cb5f2d7cb5c0b8570ab2b6070e4ab81a2980a644d750a440634f555718a42cb09a18154972d4e92d2dfc9553801b0e6fe928a04f3da975446c56db0d3e38ef3f29dfcd844f5c68a62c6e366bcd4dce0d08c3cc587979ec49ba9fe4a6f3f8dd54ae22aee5f52fa97d4b9ab3958ae128e130a4702b4b29d4a9448b9bc82942606aab94dda57ea52e5b03688080cca95dace2eabb12226b84fba9a1be311ff0081d57c3fc3648e66e58ade26e0edbaea79fa5561b4b7a21121dbfb627741129c7c91139cce113d761bb221c31372cd11c49c32c4d6d5a2181eaab125e9e039ae6b9ab3959cace4ef5c0b30f25f0a10cdd4aab94ffbaa99fa2d3a77f4523c5b25a56662a8da73b74360b01d30e89cfe76509fff007065760769d15dc9188f33715deb84dc6c9b968c8d71fc5813bc7a88e5c6b8d66373b010f4c5adf347c15d5d5cae2575757575759f0738a9e1f367e8b437f2554ee86f4aaa914764ee862e77408b8dce1d9fc9e8edb208f5383479286efd2f181dd0c25d4af5db087a62df208f81b2e10b842e10b842b0560b92e4b92731d63856bbecc51fe9e00ec04d6ee8631ff971823f882388d87bb00a5e610f44d6ef18135be5b636079844855f0bc95c2e20b8dabe6357d4bea5f52fa97d4bea5f52fa97d4bea5772fa97d4bea5f52fa906aa5c6e268cfead871c412bea5f52fa96691406cdf62fb1187f0e30fa36aa588d838c367f1604ef03548cd7d4bea5f52fa97d4bea45c274d80e1c95f679aacd7d4bea5f52e6b9ae6b9abae6b9ae6b9ae6ac57d5ecbeaf65cfd973f6563ecac7dbc00470ccdbaf3da90d96b7f3b56d2b2b77c5bd53a19e47074777d76dc1c61f955799defe7700733b32e585309fd98238f9f55fa82ad15f6e66c14f1ca5502cd11656096c54aa02570637c385558763bc87489fdd4e3e96041ada01b87b7a1c5f1cf3a053e5bd73b6fd3711079a3241b3fb3b5fefb3656db0072beeaf456f0c233785d7c0436fe4a6c187c2ddebcf927bb642980ab73b5a44f0ab6aa96fb46572fe0de1c029abe37c4efe9b82c789b4a988b26ac9047a9df1f355e7b332ac9bb3907e7727ec61578459685aa9b794e250c08689ae78526ad2f557993e0aaa9b3757553bf6050dbe5b7f8df38fd9aa1528a8ed918c9045171569ae10b4b548e07c1d553c23189a14f0c997f2893883e5b133baf23f642ddccf1f445d8068d8cc8f86aaa635df81fc4a6aaec289d8fa6c65e8b2f31b8cc7eca1c3886f24a584b609dd57c15148ef5ce594af2c5d896f552c5db7d4accff006c4fd8e4a942b58d9a6c6aa2d3856fb6766bb0725d4ec79ef29855530ceeba9aaaa6e5c7c93dd8d96952d8cc2fcf138f55c2a8d5a9d2541b13fb1cb1b2a38ae2c64d135c2a6f332aaaca6364268d9aede6ff00e9beea96df695553d8aaa6dbbd94baed9c09eb8e6dd651f9c5b9f853bbbe1f0ae315537799bb595abcd5372d43785ab23f87fb29b4cc6f73c4395ab34b2c2e43ae34d9a8d968ea535e2a08c6eaf84d1c06c4b7121eea9ee8ee2aa9bda2f3df56eb4ba6b8570ad6e905959e2738e6a6c2a4fd2e54dd6587adeb3457690a43767086c4d1e4ad23e4b4ba6b84ae12b8500ec0ec4b0aece9135ad493987e9d9e8aaa8157713db937c0515f0bef278cf765b8e972f88df654881508c6ab5c46a94261795a9d26f40835b728346f9adf31b73c0a236f8955cbaaa63111c683c0cddf70cdd7674bdc17ce72f9ce5aa23b6331e23bd1839dd27b72c01e881de4d171bb953c1d37b9a5a7ec846efbc77e37e4f928afddcb77fc2df094df1812e7e146e6fb37c2838948ee333b877c3089e88bba9476fcd5549cb45557714aa9bfd9308f443f7183ba2d4dfc85382e0e1d16b86e1b126349538c7fdaa9e025d4a87e88ee2aaca9453b15d54c8c6eb8956aa830f26a1f74a783fe1530aa1561b57cb5484149800f4533bf3843626b7a0dbbe14d9915e5b520a43ee839cd51aabe0f4dba2a9ca7cd71055705267bf8386cf4d8be16ddd362be369e1a830d4e5d5507da5b838fe9fdc6ae1454d81f63a6c0c26a344dfb41b2193ee34fb9b70887f853ddd4f80af81973fb3d567d9ae142adf639e07cd43f7d86bcf0badfb8b955b7151850ab78f7610d9d4a637a3761b0dc74b6de082a7ddb4ba8b5317454daa8c2855bc6c087e229f70b63392fd2be615501cb502d5c8ad345d56a6abee6855bc38c3f97f71eb8482e35c531e6b5b1697ec51feeb53337a2ae9f55492d25755a9aafb75c2855bc2c78bb7554fbf690ab6d8eaaadc26d7496a6872d40b569782a602d4a945c53f55ad9ecafef86972eab5364afb751851cadbe183ddd1aa23fabbf70e8ba6cf14975c294c285516a54a2a445f121abe55a5c0aab55a4b49217272d6c215c2b2d2e5513551257dba85d16972e1de3fce899e75fb099f8f905d154abaa8c28154aa15a861d57e9575aeca8aaa8a6aaa529a9e692be60be24392d2fc2ab409954715a8072d40b55da5745a5caad55a2bedd42e8b4b970ed38e0d6f57286de8dfbe504d4e4ad9554cd745a6bb16542aa154cb1d055461574d59712eaacaf2c28a8b5e1a6210b533305519168782ad8d1cb5b3d95e4b9154a2d2e9ad4d5d15f6ea1745a5caadc3d70ecf0bef5d57455ae350b4d17ea5512c3864aead86955542aaad851aaf86a0a8aab4892a89ad4a8aab4e150aab45151f3f55f1217b2a3b29f35420aa8c34992bcd6b67b2e2f75605528b4ba6b5330bedd5a15306ff07de2d255dcd4298a154d4aad57c28709595f0be1554a2a99aa515d5b0e52c2f8d16a54c24154cd68796ad44382d6c2d5a220565518687aa8ccb5b4b551c155ab4ba4a9a96a62bedc789d3eeb46c954efea1528b499af880aa2aad37c2a151555065542ba2adf0aad0aa30eb85e4a950ad55574b1966532278fc3795f121e65cd85687872d30e6566886bd30d2f2154660ab36aa381556ad0e92fd4b5355f071e8145887ea3f72a356a2a837d3daa85692d2e9ad4c96343253baae14a0c2854dc31d2d9aba92d430aaa355f0d42aa8aaa4d9a9aaaad568d2a8fcdeabe2c15a5d94a9cf38556c95969325a5d35f121abe5f55c9cad25a1e9f0b30af3421b2c3ee0d6b4517fe70a1f0ba8c9686e65ad9eca8e1f956f65a1d35a9bb14aaad1482a99ab2baa542ad1516ab6175238d4482a38cd75522d92a61692a1555453715a1ee0aa03d7c46e52be1c50aca45b94295dde4a7c016b75965823f28973a665f7167a61a1cb5057f0575a74aeaab8e9795f1193f45c5f82adecb43955bb143356aad4551570a2d41485154cd595d4aeab4526ad670a152761a56b3875545acd5529e8b445f7591d0c387ea59b28595952a710fe1511791496321f6e01e26a705ff82be2308575d150e65aa9853773715a04d6a7fe02a6e743c85f11b9bd1714bd5587e16972ab763495655be34be156d56a2b4e3a6ab5052b2fd4aca7392bcd568a414dc67849b53d14e31ff685212f40bf4b70d214dd538c87dc6b5536e83e4a9adaa4e12c34992ad55f7132abecb29d43cd687e4f2556cc751bcaad0f21652cef3d1753d155ab49565554555a4e16c2aa4d6ae2aaaad4b4e155a16a6aa954ae347205da1aba2cb094dd5384e253c949a2584d53eebad80a9c17fe0ad6d38556872d415f6593d9d4c057c37fe1cb5b0ee64c692be2ba7fc2d520328f254d8d4d0b41cabaaaae830d264a78530e1a2e2aa92d41530b2d2556a168121d4acceabba95961d4a9c43f8c3a37aaa5fae15c25f78aa98191de4a6cd6d5274da70fd2bf5055a6322b2c4fc394c634c786bd5abe1bf37915ad846c686fe57c439cf40a561d02a6e753415a496afd4aca64ab2a514f0a614145754335a82943199668a731e8a41746e12689a9bea7f707e23015380f97915ad865d42bad4a6c72d415f0f86ecab537f21714fd767aa91feaa79729ead5a62b64abf11dfd17f81bfa89aa6954d4a594acc5cacba2eaaa30973538ba5bfa55241658765335384e25029344bf717872bbab54e19ce149c0b4aaabc8aa19ad4aeaca8e217105c20ae05c0ac154fb2b784a89aa69f45a4872d4d230aae1c8deabfc95961a9bce14a0eababbaeddff0070a51181ca705d90f42b5c39b7a85a5df82b5b54d8f55aaaf8eaab4966bfaaa54aa990c24d132a716a7a7ee6f92d4ccaeea14e03f38e8b5c32c76155a1eb5057f1952a4cb2ad4e137e96a9304bf742856588c07d54e11c8570e61d461d57e92a866149ca87c3ea2b2c35379c348a755fa9dd7f75b5c3af50a705f9bc8a944611856eb4b9570a783936eaa69849a265668deca4283f7664e6870f35367c372986e76f50b2bf1a15a95f7f52a4db2cd10a0a6ed2d5260f0b17b4c7617e474a40aeee1f790621b4ea1081107d722bb8689333342740740894e61c9b91d363c4da98c7c07bc96ce7990ee21960e73334c776bccf88f1310dbc917410f86f1f41acd37b476b2ed7c0c6f34eeed912144169d4150a381f11cf913ee8f6aed4e2215801772eebba89049a07669a1d9dff00a809f50bbcecf66993c745daa2386a86065fbc7c4863d54e03e63f495ad8463432c2aa8775a8a9314dc89e7c948d54f89de1fb57f38ff09b96f350a5fc335fef67f84e6c58af110ca9cacb2bd993bbd21a3a287fb408c5fdd8e09267759bbacc38ae9f3e825876768e110a9840ff0057ff002bb081691c3b2cef26cfdd7688113e546934fb2ffd4613be99279c81f99b2afde6b554d055358f255a63a5cb56143b35526aa95a8ea5c33e9259a39ff6acac14f111fb3c48c21973a755de3a398ef6d435ad4d8f13f583e8bbd6ba6cccdafb288f86e9b69223d1408c1c3bdcb2784c89fb631926012926f771c45f31c931d162f711c0912450a21b1fbd8be42814383da22775161d1af95d3bff0073dec4fa4302850838778224e5eebf65ed2e2ccb563fa2112276b1140a86b45d363be8330fc0511f0dd369957f0a2677011cb329f34fefe26401b4f5fbe6b682be13bf056b66c5d6ad890c73be83aa9307e553f7a6aad94f929b7585512c6854a69cee8a21379517c36fe5667eb7a90533bc01ed2de75fb2e5634b9dd0297def5b415384e97915a99f9c5d0809b89a49668f4fe1526890ddb5ce6e600dbaa64330e1f74e32c81aa24360a2cd93fdb3aa87fe9856683d0baa8b1e24e1cb185d922019bb434b8f92ee071ce49cc75da64533bcfac66184a1c367793e3375123c56344586e9661cf00d6899340bb4f656804c3824bcff00129c7cc59d1bcd417b21b583bcb0fce0e10f2d3a95de3f2e5b50aced680ceae3243bc6ca762a1bd8c98893920e78194f3066b3300c83ea264102f0329b381a60fed7146885c23ab9423d610ff384297fda1fe576eff4ff00f2a2446cb2c3e25ddc3e2ba89fb3e5cd90ce7d14588f0d20b0e4af3419125335a14f0c631b1228e6ed5245af1270e48ba1ca644aa13e2c6c820431a8e54f30a1f11cd2e88c4d2e68be574e4b2436e62b3b834b05cb4ce4bbc01ad61b171920d8ad94ec7aa6c9a24e6e69ce9243bc6d0d885de00d6b0d9ce3241b144a763d7ee5c394f92a44d2b40af5df7ed91fff00c4ceaa1ba254974d457e63983e8a17ea30c2f8fdae516e406ce4bfda30870f91355dfb3b47671948ca0bd33b443b3f5023aaecd11a3447133fe54470e11418086c15fec9bd8e019c36713bf5140c5ed0f6bf980d51a34221c594859a9f95dafbc2d2e8ac238b9a30df2cc3a2ecff00ea1ff3836132ee4dec907e542fea541823e5b618928d9fe878cabb335a641c4cfdd76a06c1c24bbd8d1fba833a7399f44f10a2988d112e44906f550a040c9dd431cdd72991a995b0c34d7086d1060bfe18337b66bb6ce14264a1fd0d9755dbfd02ff006951ff00d12bb67fa25410eb4d4473fb5450fcff00a2cbbc853965ad39a6c3609b9d44dec304e96719eae4f0d7e46344dee3d14610bb498a4c3331924bb54467117069f4440264ebf9a645ed3da3ba6bb804b315d97bb797b438c9c42ec50e7a4c2064a266ae489a5438bda7b4774d77009662bb2f76f2f6871938897ee0b5cf6e668350b344ecf109fe64d89d9985997a99d577c7b37c5f5a2871409398d1eebbe7767262f49e94c8c594129b7aa73e1b3234f2511f966f2d937cb067677375b0d1cbbac93789e477451211820c571a3fa60e82e84e25fc45a6534e0cecd103a5439b1ed0c2d27bd665538cc2f6f40649b00f6689ddb4cc0cc9d9049b3a0510be1971709020d9110603dafea5c98ced704bcb281cd354d81061f7704565d541ecf96b0c9aa8dd9f2d624aabf66ed10dce6b4cda5a6a13bb3438391b398ae2c70696e5665c18f0d2d9332aed10cb67deb65e89e1cccf0e20939abe076721a788935511c5a4e6616a24b7331cdca42644ec8c743cbd4aef2376778886f91d42a70a1f76ce939a311ec2ea484b9299ecb149fe75172c13fb3c5122d9d53bb9ecee93848971aa7b1ecef2144e26a732076720bbea799c94385da6139c6151a5a54382c85dd861a49764871e1778c3081a5c26f67830fbb82dadea54385daa139c6151a5a54382c85dd861a4bf7d181e661832b7ff00b87f27fe417c9ff905f27fe417721bf127292f93ff0020be4ffc82914d7456650ef3d910e189b8d82f91ff0020be47fc821df332e6b556486c2e3e4a7dd8f4ccb23da5aee854809953eee5ea57c5865be78656349279053eec0f572cb15994a0d68993c94fbb03d4a945616e1310b28fe2a29c48640eb7c2620ffc82f91ff208c4890a4d1ce630f850e72e69d0de24e17df5f1be15215c7df7e71f64e8c5ff00124eaaf9e7d94373aa4e627d8a2c8714b5b20be79f6532a0ff0036c87b0c9c2c57cf3ec1358631c82aea210c5a1ff75deb47c4789fbacfdfb8f91b2676b0350aaef43038ca426b377c4793544efa44d44f0efcb6719eb318ef1e8649bdebf365b289db1e2d397a22f115cdf209ed883e20fee99172e6cbc94c44c83a3545851f54bfa85119fa5c42908e7d9358d8c66e32b04cecf9b339f73e8bff0072e943027eabb88308320b5b30a3fafee93ff95d841fcff65def7ed652d24f89fb435d945a5841fe6db7f6a7ddc27ff845c4d4d531b0ceb681ee14bf6789ec9f0a271061c35476cbc82fd9e0427e5948c4e49adea543cf15b0a132e4ac8ced44bff98201c7334d8aff006ff9c3b40fe5ff0029e3f88e113b545a66b22e3735c1d1dd665bd53de386cdf4c1dfe9951fd7f749ff00caec20fe7fb23fca3183fcdb4c84399afa287d9596153fe309c2796ae303d1abe2b898913af9e143251204639c01cd380e1644ff002a01e55c20b9dc531fd9103937fb1c23c4369844f52bf688f482debcd646520b6de788863e63e9f9e78bbfd32a3fafee93db984f2ba93c2139c642bfd977a7b4b5b4b2ff00ac09cd9ce46e9938e1a056857fd5ff0065dcc47074304d7aacb025972d6479e313b4447b41b0af24f8a7ea3835cced01b139b5779daa3b5c07d364033e536de69eced472cc69335387da865f49a70644ef2339171b9aa1d9e3bf2c41d7fbaef23f686960e569a0c873eedbfd53a0463f0dd6256685da250fd26bf64ecaecce342531b14e84218ed2d870c720bfeb0230db1338ea839e406b355565699b21d30eedd1043a5ca313f6a63f4ca564f8bfb631b9b94bff00ea2273973fff004b3fffc4002b10000201030302070002030100000000000001111021314151612071308191a1d1f0f1b1c14050e160ffda0008010000013f217158dfd2e7dc3fb3ed9fd9f6cfecfb67f67d33fb3e99fd9f4cfecfa27f67d33fb3e99fd9f4cfecfa67f67db3fb3ed9fd9f6cfecfbe7f67edbe4fde7c9fb6f93f6df27eb3e4fd77c9faef93f75f27eebe4fd47c9fa8f93f61f27ec3e4fd07c9fb0f93f49f27e83e4fd07c9fa0f93f41f27e83e4fd87c9fb2f93f75f27eebe4fdd7c9faaf93f55f27ebbe4fd57c9f9afe4fdd7c9f88fe4fcc7f27e5bf93f25fc9f82fe4fc97f27e4bf93f05fc9f82fe4fc07f27e33f93f31fc9f80fe4fc07f27e63f93f39fc9f84fe4fc27f27e53f93f29fc9f96fe4fc97f27e53f93f29fc9f96fe4fc37f27e3bf93f2dfc9f9efe4fc57f27e3bf93f35fc9f8efe4fcd7f27e6bf93f35fc9f9afe4fc77f27e1bf93f39fc9f94fe4e1f4bf9383d2ce0f433f219f98cfc867e433f299f8ccfc66707a5fc9f80cfc57f27e2bf93f099f84cfc267e1317fc862ff009acfc963d9f50fa18fb18fbd8fb58e5f5be4e5f5be4e4f53e4f72ffc39e949b31898a3c87bd1efc68cb11549b76392720e49c9392720e49c91b64857c099a8e60f315249ea4cf084fd1d0709c2c69ca6474c8b011c6719c2c69acf4645b2708d595d3025472a60b4a66b041152392db96a256c4ad8944ad895b128486e98b759cec7bcc6a3410d19a97d04357a1dcf43dcbf1e6b349a21bab5848a854ebd2bbe2d608ddb24e34a51fc881e14463b2764ecfa9da3b7eb5c31a170e8633893b443c125d48924316464a0d7b47fd0d231930f15af51e4dd624d200855b259cabd4e55ea4daa129a5d10e652e4730ed6166a254591c289ac114422d524492493d124d10909127224e48912021b7b10dbe8790f29ee5f89249249249249234b8463169bbc68280830d3d90d8ee6df44b5863eb8f8636accb6c2fa03cbbf449357497ba53139e968462de84e7458d46b2df225bd7a1a4b10c21fbe719c9755b868420ec9d09c6f8245753730b796a27a2082c4aa27fc193036039f29b21c337822a3eeb9bd477dcf813592692492490c63f08ba2136d4ddedc44284a11aa2ef5959572c511e50235669aef47a2d18b59b1ed8c9dcd4914a4fd0fc025bbd08dcf42373d087bbd07659a0f7da7b83de5105089206d30406e2d734afe01f9c3b56f8c352898a649b6d8e7b7d1327744a741effa0935820b513fe22aa98993d061b23891c27b8f066b2492439adc17682f22d4d39dfc0b617d88972bbcb2237d362ffd2a68b25d3646b45a15defa0ee134764791618d374a53adb3745c9dcd488421a5c58ed9d93b27649c96a0f79a7b926ee9090c4d2024e798a2d932c18b08363b4694348943a492f305d5445391ec2b348af6521d25fa3b33128916438f77533891149a4ff8c8412f24645bfa0d39f60d7928e8434ebd5e17b9ea9249a268ad8737c17d95d44633f884d1da109a509bb2c70da091488a48d3974621329c8a8bbd567203af21489bdcbfb360b1405d2dd1de5de96c1c9dce3947228b9496f2e8bdf69eecc38d9355ec0372deb555e5d6a15c1d4bf974f6e33691a595a29a6cc272c82eca55261caca229730590a663ddd4c8492493fe42cd528d9e842ff8102fc223fe71bff94e3f41f42a3f76eb349a4924cc2f420244bb03920a59adce0461d894b61925767a500b1deeac93a01f4f284d52be85878e013a31e5954b425b9c020669c7b41e5de9dd723dac993243888fd13df69ee7aadbdaade74091726de2f93b5ea212ac5f221b4952743ba114baed2c4be706bb5272d09954cc7bba65e4337f98aa47247341af59a614af140d6ba7f7cfa24924711ce68477ba02db0def718209ef6e911f23732f71e603d10e8c7d2b7f961ce74746b2c5d8c23897aa625650df5d8b6a0607091de707b21e5de89ee92e923326e626e0b28a6f7c343dff0049d4f78ad9e533f428b8e62c873cb62c2b920e7ac552f6ad10dfab230d14835a5a410d6f774fe832ff009a905055e797a309caa8bdf1358076a443209b2bb229f766148d856264b70d960ee5d8b1f081db4b4ba31d18fa6059e07990ff0058c6eae88aaab6daa23ade04837977f019e29af74343dc74d45d5987b19fc1f4134e6a644a12e2212eeea396e53910936314bddd6cbd13d11fe3243ba449f20db79b963d067027609db3dd92f8b645c61c972125e4c11c4705a40e498651e85b110cde5a5bdc63a18eac7d390e40cf824e046e65107908ecc6fc035d0353b2aad21454fdc3512673348780700e00ca2ac14596545ef8687bc3dff4da38adfe5325751b3354f90714d21c7eca7040b7f0719389384dc537ac420c87bba997ad0ae2c4133aee196478725a28c4ecbd84cd3d84ef5429e8123083268c182058db69fa882abc2134a923da830581e2f6c930673318c6318c63a318fa62f1bdd4d95e4a3b9025ac57525dc96c842dbd2f48b06f2351cc2cdccab91ad441a89f592acc7df46f74a7bbfe8f7dd2d038123b86a5e895efee0840e4f4126a17701131f61a52f2dd1c90e5bd8e47a1f845bfe81b11674987c29250331eeeae5f01777248992223a752c5465e1ba4c11ad072d192d22e2126c381581bc3cca84e0ca634ced6040c743a8e863a318fa6fa0d47bc93626646c85ba1f35587f374cb2f1c9de89307267523c39cb39673cc12297dc2972391d6b5743de3281d11d9a8fde2d4fdcb39872c0b26ccaa60a2d0b67c147fa852536321efe8d70d10a8b8ce3a2ccd5cc9ac89e6592e487343e84811034e06bfc36ce1223745e2220eea5db1512f726437bd5e47a8c631d0c631d18c7d3d9ea2aaec538bea6803b42da0cea1d90f7996e8ef724464ef448591be44540a01a232c1f7ca2e206dcf5244402a9843bdef466a1b2847827c9048750d5b3911a92a5cd0224f42d2c253298513d2608b4cd30ecef9a49b5dd845cf774c2891bf3d20113286366b5729e83a81a925991a87d337bbc3c06a17c47a1a7238556b809b42412d8bee3deb26d9312704246318c74318c74631f4a25b37435ee1b9554bc32f33f506ccfa954684b2c75b881e79cc9dfc0bfc94bdd3a7cfa16cf78cf82fd98276339d58c4bcd44a076abf38d628e68ef49df44d35ef7a2e5e8f14adc9a4c10f8b41a5b2095314bad9638cb11ad3c278144325e455c1072b39a738e71efd918d872231aa5248d8c631d0c631d58c7d1a73647b580f6ca3c18c5e446a4c8643d9fa09b87f431905c88ee14d8a181c0e46fec7e59f9e7e19f8e7e39f8e7e7988d683dd4fe1d0fcb3f14fca3f38fce3f38fce3b529853ba68651ee3567d023b90f664b71944339882a93ed9cd963f34fc139640d2cfa23c72a2de8e0fc71f099dec424dce7c688fc73f18fc63f38fce3f38fcf2c943cf44d36495d12d485bba16c9ae1326372cf22289741b277ac8d932cda0495c8e6777a7465dcef1eecbfd10cf611356c399cd51b18e86318eac631f4fa349aac4bf712acc8b5941875096cd088d9d3b0dcbbe456d99bd076cec1c88e54764ec9db1af50b93c3124b893b6760ec9da3b0760ed89d99381600a6e2c9826d0708e30b6c48a0ae3b041e853ed9c1ba60434a1dba6c234ec26979a1d8a1d93b350d2451489f725b1014f2f02e6cca0a818c5a4ae6470b23c31a47b128a2c27414a54f51b934d25be878185c644c84d05e24247e9672bd4e61efcc1c2cc9c49848d8c7431863a318c7d6ce6df51f1de8096b373133589dab1134b11bc67333999ccce66733398e612e9cc7352731ccce6672339999ac893a8e450f3896f5acd1cc7319ea9a4e62496e4b727b9c84f727b93dc9ee4d14191651a924c0be322a41a45e85ba308a3865371628d052c2351267a5e0b025ac934222a090dc8ee4373bd1db3ddb19713bb910ed4246c918d8c6319034c86361b6c4f6388e0384e1a09ff00fe1118ba250b766fa6ea2dd9c939a3cf221598e61c9392724e79cd39c73ce79cf39672ce59cb39672ce59cf39672ce79cf39a734e79cb396728e79cb39672ce59ca39672ce51ca39e73ce71ce39c724e49c8398720e41cc398720e41cc12e0b2e3195711bc8613d0d07e0cc41706974c70dd1a70d43e8783ce4882647708e55bde384de5427bf19133a121cfd0c919236318c7e1aa263c58c494d1262d9d084c42a27c09e89ff363aa3a63c36bd68ca0b87167426ef41cba19c85817827c970771ea5c46f22ef644840fb97832d190da44bdcb19915aef99c9ee49248d923648dd134406a43a68112db161c3b3930d4a7ec5fd8ef820ff00917e43eb42fcc4bf891be27d88fa51f5a3e947da8fb51f6a3ed47d28fa51f4a3e947d28fad1f7a3e947d28fbd1f7a3ed47d68fa91f7a3eb47de8fad1f7a3eb47dc8fb91f723ef47de8fad1f523eb47d48fb51f4a3ef546fbd1f723ec47d08fa11f523ee47dc8fb91f723ee47dc8e5f41f5a3ed47d08fa10d9293c88f293aac1a248a412e589e7aa49246a1274200e4b56c0892b91e85ace8472ee887650253fbb631aaf2a6459890e6c4924631b1f5bf03cc7317e1a810f25f81c29b941908d659b4c161f162b734316b5085875fe96e6698249137aa43250c7569e991d149b71096f3fd028255b090dcf6a4cec1ab4253a6c668a7e03899ee6adcd5ec1b308749246c6ffc0ec668597a4e8c425e69f606c92d281bc81045b22e4c80c19d50da11b1aa2d34c9f1e372630d2ea46ddd69647a24e138d81d87709325a18918313886c4ad1304e649411a498d7069a1aafe07c2619492b3a135a4de62abb2a848ad035c079dc6e357124417226b2923ad1a8206c03c3711f5d347224826498eb4396de28b68856f73a63d2905a9ee2e540d4387d3236312dd910dd9b564650839d963a7ced34b716c81a943ac9ee6b726f22f33b65b62491b247d4c7e0c43e1c395184e2afc8320cc0bb061103a8b57ad874c459932825c85a8a4f1c21bb0c98a68b0a863517a52bb3333103af445820898cbc8e31966c19163762500b7a6c226a8562cc62e653d2862592b1674b516124a62a0b4109d0d90e96c22d6c6372cbc2d6f843234b536c9b8f220d53157374c4c9002b22c2b720286430a08b414f85c950aa0977bbeb6215035c038bce48e1a1edc8bd6a2b356d69249230cb64fcd0be62fe61ff40dc5d8d5d0c224324951599910514f76d793de5a41efdd19b218b947d056249a493fe0701a3536d18e69a30f5bb745eac5a16c5ccc439164410df727e6987cc49b2f27d9ee34e97ae4928c90f8391ab34f2236cb8cf6e3930e5b4fd87b59dc796697d65aa7bdb7aa210540da3b8152562e4a9d90d4c97a9e701df643d2747843da89d8873e9e6814fd5826781dd991a35e5e9f763dc3a0e965cf714736f5864a7a9298099829b7c0e41e117e4b83dc999080a50d648bb421a9323daa2c6848d90e772d06ff001e84b1dc97913241a4883e96db96c612e437404f7ca75d31ceb2b73dcd19b716bf314f3100b2b968249f01f87c2d12fd142131513c312644b707f2858b9a11ea916573424cc5cbbe03c410dc3a230c19620bdd854d1973c4ca31b61608d8927ee291a14bb95dcb1ec29f6898d4b1f9b24a6e2d6c44e4b76d44ddba20b147b421699d4773905b1ae62a225bf288368fb989194201f192dbb1add34656439259236de880e53896833244c9a4c4c08e046a6e3c4163792f096f43d5a02e5d4c0aba1257134436c7e9be44311241b3c7a09e5c4afe213e6be34184e9c910fd811146c820f7d598134b9c29b235c37eee89e97e1451a97d547f3ca21171516a1b95625d7792294ec814ac49c984090ceeeb0a9161b14ce11710b04b646dcdb245895c8621796e148ee6e5c88750b27624d3361ec45a8a8bb1ac01b23b8d6aae224e0ec3c10a5dc49d9421d2131a7370739bd68954491bc1244e8bba684c6991ba0e45d31503b198c3c960d65e8c8b73812f37288198932844645a1b93488c1a40c8a0b0ce878907f40b9aa59d84b3ad47ca82dc51cbc9c03421b8c4c841d938701b1b18952482995da4dec25ae60c906093de10319059bcdc89363d3fc29513844438b445a1fa2172425685073b609c6c881a19924849b242744989d1632f515a87d89edb74c344d88be064ba8b91b939e9c99c234c8e325a50a3986cc5885b1bb25b11ad8b0f3074c4f627b09d683724711c0264319c609118d100e6a12a1244abc0810525ee06ba069a1bb1d03bbdcb2c0fd49b30923e3ec7634acee31d30252db2fab63562da4b9188de935b3b8c6c63351bd9152167c6634252f62e1c85a41ec12c8b045aa43a46cb6e3146cb77622327717b6204d06a950440f08207d5206584e82b7157b69edf015ca8913254204545c528917d8bed4470791e47916d8b6c58b108843440ac36499325b9de4b73bcefa59650b53745c47b88cbea56f660b5a4bb21b326d489959191b765c8e86605ea25a881b4896c8e882fb31bd77d109d1ce6e15eab3e131b85bbb231ff004517e4eeeedd228869a6a50b1c63373271c0e8c42634059047f763c6bb590daad71504114421650b2872c92e81d87610ff0040fc12020184897b21b4a68c77f81ff11865ad7c0cd60df99174076459d0da496e16b3a177b7519586a54587b876c869644a22702fb8fd1117db38171241845d64456f593f072507bd75644da6cf4da3945559e983c9c844524ecbb641b5e651b5c5936c0a5b4f32ba1a9afb2157f32260e8d896ec8b42a3b93850c83b32cf2d88f770488958e9882742e0effe4a592c912264fa24f43449383274092491b24918712972055292d961b585d8fa2da1aa6eb97e29bb88d7c93ae450bda296e7506a3e20fd18bcff00840ca43b39104dcb71a2c19c8974771e135eacc69ddc925adc730f72eac66e93813a5845d452759a2441a17aff004209cbd211be2a8dc3f88cb1aac65c9c7721b377763a3f31b9272dbbc12cbb30ce59b63d53c4e742ca149a045809c22c133864e0e34ee5ca584b771c86b30e45c43781b125a51ccb8852f67fe8a7a1933cb1edd30455767111fd4a1225cf81d674421d8e4785cb62d5f1978d766795d6d14144476208a36836ec23a2ecc646edbe8086cd1c4d91babd46cbd47d2cf7eeac64a2eedf467b9313457644b776d205b5f6b1104170af481a4dda89926245bc5790675add8995e8144cb121f4b7b98e6125964314cb130350e61e0864e746c4c57484818506725860b5766093d8c8697d190dd9d2820646b5c4b4334a2bed48490c3fd2e4322f3860ba105506eb0409ebee4e9459a3c2c92d46b24c971b933463b73b102294a56f41bf9bf720820c1a223ab8b816e5d07b8c6e6f4b16256c7bee9d9797d09d6ac8358e7a2c31103eb914a8a56abbe97094c211657ece04ea571ddfa9df39312d893443717212db032adc2205922f4a11a11c16cf60a879dc2a53571c3a24a7c0c9e9139128d36dcfa0fb4b812557c60390891072989910c4b70ffe9a643c13a6c467d0e7843ea5896199a43cd0975403896dc2429374d1214d7348bcc469dd13cbce410451686dbcf532496496ecfeb18437b4edc8e810dc81ef7a19b26e4f3b0a5694d3d04926092dba645e6048496e2f012d9193518c307ad326c24d78a5ea4d066641b59032f724429693a08d2b366f2d8c6ab2e647736a2241ed52a8f564effb1c5d6352d3ee45fade1d298f42548059410314f0a474514e7c32bc562c492439de071935ae2c3a9504cb2c42df66104a1d964c736aa2410c85c6ed83f3fe4220885fdd612a451925c6f863af31f4e61f34dec528648e23819c83899c4cf73d0c721b34e48b30a0e74dbc1121490e4f2cb3cbd926923d612c7372253431ce8d652c8928c9e604c49961d8874949cc6571b48502fa594487564bf9998c0d5d8727e3a26fd432d6426e2d440865d62cd2c6e5dcbfd2c2287da58a8b2e16448b4b90d90dc5825d992d844d177824852107941a94fa0ba222aa8a4446cd04aef3c0a0ee49e261164f36747e66245c262c0f26f8631b167a1161e4691a617298d593b12044b765bcb22bb348e980946e46a8c0babccd5b25510d85b4fd449d7ea256b0b7454de7e873dcf43191e29dcb924a1c26d44dd924c5e4630f0c5c5adc8d6cfacb6645a96502b058b864ef32cf977c894e1bbb376c99527f02c220bb59471f32fe0718137171d1c0b582f3715949dd8d63cd518b01e5148a4e60b06ddefa695dfc62d2461942dee5cc776f0169209103133d6245474424890950c4fa0679a69caf0d28438210b66e8bebc833a190d50da9c842f59644e61337eab0dbc88ea92ec09e09cf8d130634d8822b220b87b9d8fd4f75d4926904f30c6da36c9da9c3710a9b278c0e338ee381e7ef4c594f7561b1461cb79053b4a74a9ec1929383ba3b91345e26fc904de2c47351381922f8244aee8646a536ff00b07d35c64490eeeac537e5852642868e8de4b9204b0ef8c17b6e6762783f82f061f2230b1317809616855976d4b19b434a8851212aa932b47743dbc2b929de36121df3451c0a295990c4d84b163361d89dbd0f7316c2d43cd13a1bbb608315ec40f4aa8f5273fb3629ba2839ec3b708ebea1a76f51b2244524967bfe864741fdc8e370cdd1142b8e322606257a8796f4c5cc78907094729ab13addd63ec608f7a0ac60153a172d8ee869aec4ec1ed0fddde01113f72b971dec89a56cf564e41b70d7c163249c0cab6ad233117a09ac63f944490cbdc7222253c8866cc38baef7550ab80917ceadc2d0ba1965bc5cf0af5a44370856ef8dc4248a039b8309a6216658686d5180d016535b45958fe49e92975d8412113d08596e112caf6089bbe6156a9b61e9aa2eb1bd07acc373b88ee42bebdebe9b248b972e650a52610c4a25c819c7d421b329b9d90945baaed09ce66eb14b5585b91faccbfa2e98b77611a50a51611dc883be010470096bdfec58b25c195291b382c56b0f3baa253ce4abb392edee4123c98c9723f948f0b261b2a901e540da9e0297b50ba303f8e88962d15285d0c8b703784b2ef8a4fb7524b2897a108908a4b51e921872b0d930d08add14906945903d287b687cae7f5bb250a55da1ca1d835a157b9967a1324f9c1ff62b614244890841fb4dc6806c56d58f311bc444dea25bbd4f7b49a6a48d4ada19608db4073b5acf992133351c7613c526cb625bb6377317ba6e1fd8d59d847719b56289b16d09f2fb8c16aa47f4b89708beec89c2c6f4492b0718d108155da092d99c3b52295b3917a06631a48d38865dcdefea36dcb793416c4f3f21421c19a5e05ace842e867f15290aa174316532d6ee2c782b78637a742535aca95870153ec0d79265b253a0c3deee10a5aa3eec7ed29c608fec88b4a2d64626382371f9756ad933325bbfa2676d997410484224e23532a7e894d0a1a041e8a91d876c968388f7e764dd93e1bf98e6120424dd3b68323aa067e7e75d0416a5fa244fe573cc6a0e9168791025e20683e0aece6bdc631baf8231090b9ad4cc8660206eca46e443598a2a1c8726df01efa8703ccc0ff857376421e2b9ad6c35dd6b23b5142ab1973f08d0615642ea7f28b1e0a42f23c174f931a7ba18d46618b6d0c8e97c806a196d54d5c4e0b1a40817f72b21056b05884e16496ed5823047a26150410421084e722665b26ca3d4f547afeb0d1afac6b2d286d74e88782e7ddc92aec7a45b8d9b26c24fc8dd6e43a175b28fe8198d2ee8d463798ba9127393049b738145d1b1510a79c8bc2d12426b72a1bd48ebbda4b52b235a41d9c31508d44261ed445a0898b0c81723f30a1329aaa16c5cb815d7c8f2dd772985528476d2dc093c95dd8196161da0c771c9b16552a26ad893fb3cb60c8eaaecad5a8c57eff849038382948d99880e619c19eef4640d6d1d8c9cd5d266cc31997847700440a921a3139433fd804cd311e8127341048410ba3b8e637a86cb7cc60f886b61813a1349c810b69c452b5b5ba7fc12a28d8db16a479a2d902d908766e16b1c424ac49c6a31bbb6c75484b0b69396686864da49bc0a6437b076e870f7a98bc41e1043c33c96326b8ce004683ebc15c843f40277d48f6b042ab27f33d28b8eec5934d6460716cb764de0cb20e752d118e8e341251f8445cfc15955cd265c4084bbe06986839a335dc9d02477fa123dd82a71190ba190410484baac3ded8f7b0f9e85cc39f47c738bea703d49ec65b4fb904d4618c9efa266a2b382357cee631f546c4b1b10b343441028a1ced2f612a1d22117a4c3c49651a8b5bd0992616e890e435293942f80cd6a9284937301e486c9912042d886c2a025e9a273d766671964aae4959b0c684fc102333354a104c5b238bc1c2e2e2dda5ea36776d85f07b0290805b9cd99babc9dd33acb3c8319dc8bab041223ae3816d4981f4d0013035b05b610b62f914b3d993ed85ab33cf82d4c2b25b5534aae748332d292e34592213722c8dcd08213438dc884c93f8881b1f1dc9068cd4d68c590b7766849d7629838e264e96fa3dec7d0848f1c961210e33a08244b9bc52fd0080faa4f663f9462c78093b0b73a5eeeba599742cb1613cf634b716aa285ea2135ca662240e9993d86c8b3c054ec17627b1e86e40f5587d09758eae7d08e4f413bbd04eff41dde844eff00413bfd04eef42277fa10b77d03ff00884eff0042397d089dde843cf3e82093e82ca985765d0f804f526a192406da0d8b06a49259e544e284596f2237f0473fa50bf3216ab55ba1ad3443aa0d552731cc720a70f8f4184c623cceb876a4913cc2c098c8ab16172f266310e5241dadb1b2f85e06e927616ce9c5d084cf4a48f8a3e948fa523e9489ff001421f81102c6a648a4d321e48fc86f9363668ce163db62f01867a04ff907f891f523e94297fc9f5a39fd0723d0eef410ebe917e71274f49c1e93f24b775e81f4a7c9269e911e9e91f9ff0093f0bf3e12e84a959053b67b86b727b613298a8b63524e922d69adc4e5275e41955c865e26c536e1b85a58d2c640dbc0d9e5ba26c0549c696e078b08226584816ade2a46c876768e5ac9a7a518726e2462574e14f3f22423610b0ba926f0211b9d0920f45fc4b79154a44866d1deb188343a48f484878d0848411e9984209b42f432fe29822c1c061993acd6030dc9249f1208121462b13e624a302eeedb466572216ebb8e2896b22185644098463a77c264c3eb5dd4218ef971585b09680342a3e1185060161417240c2473a36034d036818ced3b1ad43e4410b8290a1a6145ab212cb145142848807b4685881e5149093352a71c63db6a7145951332635064dc12d11066b62130f64370e9b18e25440e810d8809c5ccccf4c21aa1d1871b75b884d946443a9b4881788142019746e2496432080e8493443af5d1024244165439120d423a585a42188b145bca336d16b0874251ad1172939ecde624d02ca1625034f9843dd716895c535da45846ecee2e153d06c74ae35c52ca4212813d845d9026d09351a4c682eb41147566383a235cf9086acc223a294c43c8f444cc4a2ab358107921d22597109a326bd431ec490aa31d631ab307ba658c22e9239226b60a41685843ee87c92c2988a620b24154927a14f8504102546c924ccb2489dabc9d86ca9bb61ec4ab2298e91e9791e05f9e58ab57b23d890b9842578167239ea6704ca584a8d2ce6a603aadd06e8e19d09ee5d90ec325e024791ec30c42b0e4265cc6cb2df13dd747bd29210c6458edd186903dc90b2755b32b5481ac2a0bb96484a4f31ac30e8f00160b035090916cb048570b324290582ea0d6acc9eb9e982288489abae62aca9b9cfb14321bc84ef08dc48f0c742c2bb8dc1bec04a0d03a0588b643c8ee832897c883566d1fc86f78771629e58f0ceae2c51809a94651575493ce1ae412323130ec58d18124e59190e8269a094424213199f51de2db1e358cda5cc114a055e6930091b18c6272ce830efd00358237213896562065ec8cb131cbc74a6842c86e935640822549ae63ca128a4843321d9c30c68d87a8e0881aa6d747b77322a4839156c48ac201dcfa45a0a7330d2dc0f1513b964b15196c6cd509d6910248844220bac32fb2935ca359439324a510c06cee3b851a53898993d3c5d3b50bdcd48a45ada17ad737a2e643dc76069679b091ba2464f5de89e809c16489b7d0c9b9cc2dccc92693e32285950c4d5090c22dc122c1681fd790a634a3a6a960c0496d84a123c1d9ac3db48924b0a621a12b6c1a5f23dab77d0820405cec701a12823d11b736c208d85f6249245886186adc340e9b5236ddd124233d71324cba77838c24f6155705c7c8340949028418d3ae56ae4d5b0b02646a8427431149bb0d983b226647a5b19f833d7021290cbea2254287d0c6b244ec1a85c950e81c7a762c8b0811dc8bd0c90492e112f6dc6253419bd3944a7b5ab6554ec42a67762de0936bee3c8d22d142925f4091c3d069a3121b19cd10793bd4313cbc31cd0dc9caf0d92e8b0e4f4e01e05dfa4b267d41eb77619ea48972b2318b46a4db2ab77706722ca13cdb098a8b17617610e3534d94a13d6fa2cf868210de85dd6949b8276b12a41151e991e6c434e115b357284e0c7d17930ae4912234be5a8978f332dc5d9352beec9264b1b08905f34781e432439a330121a4d90c448126346c12dd69a6cc7a2caaa52152689f26f87708ae41a5dd094db59099bea5981bb012dd559a713b16b5d84e46251943196a99216b0a6aed4d09bd865a52cb46e1489dc90294ed662b9427bcf909a58d90975b7a102230cbdb5b8d2c8df05ba95533108486a872e8474bc58de25a835548582664c90065e19b1bb0b428b5084318c85d89ed1dcb3c0b1418d6909741724b498e4b9a22d5cd5f9050a6bf4a05485ddfd063d24da5c9cf66316096842648992e928e924dc264bdacb15edd6109b2421806253b055774e1a779c0439ad2a09628102cc12dc79a0ddcddf2ba1c4db04824220ae44d25145228b094679f7011474abaf52e2a8edf524de07ea6a082189758ac560c40356152588dee666062210628b7091647eba16d661ec246868c5d083b2f57b090a793dc64830c8d3a893a9ad0f2ee4d601c8d8ec8c91b1004a588eb645bad705f9b570101676c3345b243dac6b3848d84310260d18f412cdc79451ee48ab79d7274a0f2a89b64abaa511ad44d3c35d022a55af96d0b4bb8deb027431d4ea922552ea5fd91f34cd4a18b08640efade82af5facdb8107696f3b8b1760cc83b924991160d7ae34e0318a5eb025720822324972a31e042af72ecf041064342186a2f296c0913b9146dadc85f1af2479976340e5cd5b488628b89d28c1310a3352c241c132e65c70745949e96c4e81088b65dcb7cf1a107fd7104964d6e8422086c700b605b070110a5d92d5935e47843cc0ee3d9702d0884b02b572318b087263359824dedeb488ce05445d5f3c62a5329e50bfe398af591bd3c17c3745881ace2890e47d975109411dbd436c208b459649e18e2ba685b215b7619217c3b12b29a58af819cfa8d4e7b50527346081746efca926482e3d25d90ff9810e881012484834904a5a48c4897028d853499f51b944d026c9c03dd42648e086a589548128b7d1a4f3a4f536499425b6a34d89e5519df8d988c79e3daa31598ecc96c26d88644bbb144a51c929ba0f03087f6a42b290f3227b96f5e72378f6b1ab422672d8f0716481b23a0e8261a1d846af66702771afe7d74b04a4825c3813c35e512ca7dc2d2c486160787f04df8d46d9b10996705723ca73d11d30e88dea4a15ec90953d8185ed4488a4104109723734452220b2a2454d516c61cb2112951348a2c8a360c4ca26f548d934a6916e63f9f441fc8818ef54ff00b81eddf98b53bbe47126b448b81fea17c448ec52dd6a4212123d4e5398e616cdc20db9d8cf7e46ab53c9124b63132e8a9480e9214c6d050fea1298215c0d8913a21b90b72c89d84ad8e1425bad91287b129dc3969648cb19154a87c1915c4244903c2d3d7248848e036a4104560914890c512224863b92ac934754c37d95d74794a4c89e80804f60a2b787722a709b3267ec42632da91334ae55e3ee17878791270c954b231985a0871e8236163258dbd66b72c08648d618879a4916f0248a4761041812922e4084d12222903120b7948ecfa2081d8252a17827311116c9a09249246ccaa50de8771de3f713ce69acca65f135840d3681a7b315d8916162a9a7b60f71951ba23b93e124d19776502e329d723db322a2818ad66cc1a56333c96e3a046569b1aa1ac688765746fa820d16a4ae15bf02bb2104f0197226419f466890edd1a515c8e9823a111531216f040e8d21ddc9154a5bc0a6459091554688a141995cb22ec9318d6c470644924924924924d120ee6b98dcb79151aaf8cc872f7a9663a8f2022490dc6327e10d85f68a24b410723b649244fb8896e4271338acd125decaad625bca899864ec77260898c4f240b49637a44180b31f298f50e0bc748b028621eb421e58de832ad216b5219fe94a487b8eb06077ea5761ee27aa08a40d518a04d208e891f44104102a09f444e25d5909d82ba104692e0f724924924926993a4922261d56bd6ef95b09ef94f51a961f724a6791b69fcb62456d909669b14981b4f23662c72dd49d722464d12ed23ad5c9d8822f0bc3649913f41433013cb725586ad8cdce739474be99289df4bae24dcb3523d4772f98b121041ea9dd2fa649132c74490411d0896086a0c3a133c0ae87482e274a6130844210d1537121c9979b924d877989e2412035c9249249a27aa0b90139189eddad8551c00588df3140305f30e6e5dd8a4c06244c4c79287e175d4d090909c8f06ef86844c337e63661059942dde4e2a37eb036de6b08986ee2a5b10cdcf911529ce62dc0dc944d209589521c46b9359f05148208a1a9087aa623acf54cbe4b4a24438ba39a21042260b8b90244094d297c58b8926d7bcd0e8bca4b186bc9249a249269249248ee8904749581c659b8aa89419910854933b91ddbd4b038a5c5e4c523d4d15635ea411d53d272a244ea4f44834861b0dcd14c0d4785041144888667ad8465a9ca20b562d20b09486d98973d38c4d8e241e4494656a1658f083635965c2584620d084cb649349249ac934924580e61469c5d0816438607324542754971877aac2dd910a09bd972672d312c38f117951dc4eb5a04eb24f44d2326749a65b437558ecafa138d34ef482290410281124c2c1264ba1b249249a92c9a4b10ad45cec1054cd4b03e3d710d9cccc73523486b16c409f08926924924d649249269107a2604574e21212acd249245af234da1d16789c933738c58dcd3b4c91bc5969db232979a493d524f53e470623155643b02c5f22558aa5715745428cdf4c1045108488a118484a1d2b58db1ca946283e22b0b19091246198c5a4c54a16d4332719249249249a493591df26d8c4520484a82b524924927a14b711b43165b62247045f72444356864a0c447baeb9f0e4f02254c64f5df0b191f3f4105db235dbe868820c13037481748b9020918a1c465893a89eac9a107072b34259b1107767d38a4c558575ccc9c66c4d2492492492491a4c8544a589269249349ac922c4893bed473e7070208cd4a0920616dd124d668b26547d390dcec906aefe12acc095a26b2b03a450a50ef4452504516161bb925c65c9f2446884b5508422c0c69e47c25102522105119ec379ded099fdd119872e45904fab0c3314a079e77d2632a09249249249249249249ac924924d6492458efa593c1607cd04e1923f09381b1752d0f04f16bb1bc242e89a4c823d022904549b45164489c356ac55a6119a5608d06589d3dc97103c1dc06cc7830767242e5482c70e05fc8059248f7b71e3389adfc8d89dc94f0fab209334c8ec33e7379f6319504924d2692492492492493d3248b0781897f2bfa8f71986e824db84350e1f84fc79175443e882d6b0474281d5891631af2356a1145405d35d187b482631ef42045a9b45d85f765de5e468a23d86a7ba3004ecc7a771a7aa1b3487c0f31fee16584dd856536e034e64ec3f250f6aa6b14618671d4d2c099a64761bf399d9f61cacd8924924924924924924924924b916ecc5878909f7b51ae1aeccba241eca3ff001ec4ba46a21a7045604232ac890a8dd62b043a90268560ae606c6996a23de8232217782159461db1c073bf242d8cb96943b29ec1359010aeae42b6bb18b333e223921a72df61e8ab882c7326e0c6c01ebf946914f8417d4977467043c9512cc816275b00334e8ec3f7bb99b9f61caca8249249249249249249121f34e5208db5788b0cbcccba18d28734bff1e24e073438179323ab3214688208208a962492c24926896193813324da1941a378f314c64d7e1c1eaabcc45c5024b8886e412ba685964836e55cd787b90ec4fb1cd6f639dd82cb9f0c81956e8d46dc895251f716171f61b715762ebd9599768e4f7268c03bb987f419c7ccd15704166182eb3c7598b4fb0de9dccb7a076ca689ac9249248b2ef654f2f879ce2c32f0cffccc9092c5e6a444b440f0411491ac48d1152c368741924935891af4a671896f61b48bb965f060ac35049a257c1ba1666497f2992ff1a22604f5b663998e94c95f121624d10bb1b10e2c175721b348d2dc63069b13688346316b3bf0cd1fcc39673ee8c673b322c5d702347a89eb2685ac6f3b18f4f43245d84d560e01790fecd1ad79702d331864ebc3acc0a7da2781f7328de43b65344924927b0e96f970f85863dde023fc448501613132259061d646489923686189a49248c74c8c6c3cce3105ec200905c3443ce25dc36ef0670b32889bd917675e4b4683bd94bb0db40bc09bc4122dafdc791a4884b925094c845844c9ec0b1015bd827222c20a4da4580aa6fab9b8823c0df02dc911acbd057dc331956378b2bd84f27660b6e50d98703e5dad99895f22c8d9f923ff0018c6a71803fe8a3199ee3089d789d9814fb44303ee644f2319b1123dd34efc7fd964568359998688a4786951f84951583476121a01b1c6ed578189903a1b26934312d920f61af433998852e0c724a6bac2704886c27b2397661bcc447a1be513e7832f92c71564246f689ea4c64f523079f0599908c9b909ec2394d873655bb327111c22724ed6e45023b88cdf0f736a0672408ab606d46025046df039f6fd4565e817c8313b0dbaa621f461f89b91e8a826d4a9e18d5fde8d0c799fd9616047c8f59572312ab80b6fdb0de6dc78028f2a33ce3b893047d79d8249212121e1891b2bfa23030666f18aaefe160349a1094a81b1ae3772f113421b1e692186c61d0b8998f7a0cd8dd30977c1845415adb31aba649a6191efa3178b03587a62325ac6c8489b6442bc24029991cb816dcdee37a8690928b09d0959192e4c9d10e42468b7a6e702244adecc97222e75163a4e66f0315463b9ab8838514acb2c91b63820c9a16a5d0a3c224990349ec4c4bf998cda6e8f664c7ba2dd096bd64629476325cbcc58f2763f80c669f0c4763ba33585e7921a891b6bb8c9e1a7d5277f7f262364cde368249051f5c191285845921e250ec1b1b1bbd1093a586e912318dd14172df07be464b9998b491149249249249269e6288e16cb95fe04ecb6371a1101cc50d33876379337637627c86e41b5c2df869934356e09a642b121b4ab8e4779d7034e2611ba93dc934427760cb97786eaf73608224945f91bf481ae24b14fa443ca223833da8e509a9bee2a9429c0d6fde116530faf83d05f2725090d9a1741935bde31d7f2270ff94111e5ee1f084ed7a3171ee59e19cba31fc334b1664f1f3434ba3cf4c556f44606431901359263a1b1291ba097433037a5cb1af2be118b111d3249249249248b6ea2f84b2eca5e049cc1d99646f3425c18f211191c2d0412e160447332687c8cb8db9962978791b5c08616c35496ec627763e66de06b694f22ccf7dcb12b19e91c7f7468525d2dc132e7788c8322988892859d122da8105885f249c330226c15879c8f648cd2ae8291b2440ec3ce4f224cb584ceaecee5a25e51947608ecd46f570659f31cd5bb1cb0849f1ef180966661f8d24f52e8c2870b0740fa12b525133d17ba0418d1e58f2f66145ec242c3f1d2845d4b6529c8bee7212a367709a256c2fb6f23471b3325ae5091e18d32523aa158d5202e62ff00239bc3c89cdf8dca1a9b5d2dc6d1e40611739243485c194f422517ee63a5dc56a281a44c330f7668614ad86e254a1686e6072acd9d74626535809ec36d4f32791e4f9e963543d86940b8e18f366b743c7336b25d8b6164338cef087a2cbcb1c3225b1e598914c4ef1e32f034e8d14534b1a5c9b03751f1d2e23616c4c74660dd262de6ae18fef7742aba330ce3c5d2accd4dec845624dd8de5b6fbb3509e07a761c5d86967c3b89dbbc0be12a628263dc7f0c3339f74241a4f2a4e259b2844f2e90657b2c0a1e0131535bf0223b1b43559a996c4165ad105d446544570794de0e473705cbccfc1b0a3b0e99f5cc70fb0a7306925c5be71b1616a20256b0d71d836dee6e32c46c20c465308b916f73da9c90f80a1612108402d29d6839b6c92c020fc79f014d96313b346848e8797e0c17aed3022872c7066a84139dd04f6463bccb74687b6648893f221bc79193784d0102291609fb9a5081af18e494ddc917d0189390e3c98b1253716bbbb04732723e199aa8b83bda9a447637cf0c652e5bc1abea09a781c45e0780adf0104cf9120bb83161423c0464932fcdc3e046125d04899532ee0517721bf29446cca31ed4dc8ef09294ce4cfab96cf7e78858882c0d00f2cc7059dd90890ff0098e7a40d4db1e9961a9bb363fc38ae848a0362703b224930a7c1c5541d061b9898863b654bb3330ef8bc7748b827e44978628b97b983c7745bdf919aa1338eafa018ae62bd47a7087657260be3fbc1943b3249248e441f4c9618b686b3e6e21f7216af2023b03fa06fc462ab938f5b99f73368f0c66ef1c0ba2c1260c5b70af508bb40661279a1b23058a095344bf023b2814b57346889c623bd36e349e521fe21f03d5bc1cf85bb12b58e5ab1f3442dc5396776e1297b220ed041820f813318d626b1bdd093c19f0e462e9b3b13bc868373e063a50319a887516f229e1d5611cc6a463224badd60deb8b1d0cbd4ab663e872e4478331efa229b8dd2ee5e4d448a3434da3b0aee5bab323bc60d70b75826a9909191596f45ca73423bb6f2f531a8e8510c1a9781a325e0c557245e934f2a596b96b8939dc4d44476332324c708bb835206867badd1797882e8e299551a2ca8954c0102e7013c844f0721a14242b21f4a5cc14593bd4c42d6c3ddacbf3427fc7c3e8c7f8334264356a316a73512710949089ae49ee482420e2c965360c6eb75c8fa536dc18660ddaf7220c89a78639e366a6afac89c5eb6e84f064727036f079b371cf727076fe0bab55d8120d5e418da39f8aa80c6fb5bb02ed36792164d1a912123c14b1dc076ee0c3c2703586f3ca1cdbae04944473cbb71f5c991286adc19e19bcec3881ad2bbc9b6827cb43b94bbf4424d7b348b1c6d688be996333b929ec46f6fd10942e04ecb291227219e5637f87a753a49355e0ac916a253d491407a18b53984e421e18a9615c9ea3f337e40f3df0442ec2d6b3c8e5eccd5a5baa19268d32ecb1b6d08f567536708e22c6841a20cfa8890db6b916900c80dec7f33e6b20942711d84249284a178cba169c9739bf06409076d91cc0ef00c0297852fc0edd3916fb077314d04dbe12221dc0cb239056886ad11b8591ef932e15d903daf5646fa094e04ab24459c9285e1bec4ddff00c78ae9e0a48fa5649b524490d89246fa6c1a87ea39c5ee6a0738858870d6ccb988955f6f51f7c790a76f58e713b8462170b02fb2195565bfcd1a07774479f306efbcfa59a75dd888e1e06593fc4430a4e4ba2371784bc9220d4cc3303595cb6593cd57785cae3dc699df0592b590fade50be52e6102dc344b1010ea4537220ac1c9dc6ff00c76d77574f0538f15d24926b230621ab539c4b16f0e8729039728986fc804511c0d61a82d51728c3e80d9d2ccd0c4967d291a8935424787fe334921135c8f66f70482a7ec174304b9828c491f287fe2c244a1285b0d62484040433739076aa27ae7fc19ae9fe06959f026b248a23d0d5a9ce73d226d445994494b63b0124a6eb23c6dc0239b98ec32e72705909104983e94ad45bd091ebfe24d153b0d9da2ae9609233b76ac8fd414b025591c080875335c9351ec6e6b24ff86ba9ff0080a93e2a1a8a20990d5a8d5a9ca2b50a323e11bc86acfdec24d9dad09d6fcea32bca6589b87236cba1c4fd98623b1d49b472123f1e71019905c8382611eb2cc1788e5537094961288ce739c7bd4986ff00d2cf8324d2d47e13431e5d64918862d48f539c9b510126684c536176049ac9e61e661a1e59db62df6073711bd519f70ccdbfc21b494bb2153b8240e414604b7ed213064bda2921234425228a342d45ad4e51ef5188390ffca9ae09f0a7c5927c4d2b2274350c5a9ca2f712f51ac3104e4e2782134d7ec0edc006003f3d0994a72896e1f06ada1d628aac134f0fae7af24197d48609b784c6567d888f3fcb2ddbceae90964521088b539c63d47b649e237098b0edf22aaf56e47b0ae94939948c6f5913ba53fc98b9b3bd53fd88c64ecf3024a8e275f7037e1f65f321d4c0221c8cd33658270c7542d89f223d1255bb11a124ccd3f0428570f7074d18f767232d94e2351e4bcacbf326a53f7f71a39b069c67fd43e991447a1eb5394e639e88a78620821b97b2cc7ecfadc35b0e441770d665165cc5fe113a80748dcb2fcc86b8d836562b5784264d6f57843677b084b10ea2b739c6bd4631707579f0bef772eaec291dce413e749f6380fe1e8f16b2148c8b224a4a5dc2983860897bf98a3515b47b27032bc17908a6c04faf6a7b81b72163ef6ffa23e955e5f4d2a6ce30ccf6224eeaf0cdbcd747fa99e99107a1e8875398e612f535c150844a9392eb3e12e4a2471236e44c883ca1805ac6698aec74a125a1095dd65db43d0996dc26085e5b2088b9101a6416c423d3024ad6a43a9ca31ea3d8dd89d2fa2fc1530fa34d2df0245f82129ee491897384901b2f1c59485c477a10eff71edaff00229d74277bbfec574d2986041c1a602c06f76b4a1dc11c924e462b9cb4c9ddb1c34cb6b4bf42c4f5673d8cd489270dce3e3618999684ec2040cb798e1fb89874c3ad7fd31f86988390e5a9ca73887a89097a882114e535159119dc4b758a48575ac3ab491a2175989a7862a77965fcc1adf258d1e7bb0912f3ab64815e615f229087532dc9f5261caa8781d5e3fdfc93e3cb244c8721cb51db9c821ac8f08a32921135c97f5cb1230f0e48839f9a48e6e2107490ed9b63a44c730d0a44df623dc4308718ca329b8a520d48a6e4da938e54d2a89d11a8248943ff00439aa43e30818c650d59ff00b09106a1ab51eb5390e410f516f5152c4859c9307b7a3651e48d86411322a9a1980b2beda226c24ec21106a728c6c8e7d08f091b7f610941c443b16a15a84b495302c22626c59d8570c5f179b17296f8593790f036adab2e958d5e58f6fe0b5e53c5b8ba1694440b0893849d28cd3e935cc3642128744468f9a4b71c0b56462bc3964ff81180829d46d86094c969e14c1832ed116efdd29a282b431091b01ca7e669e0c3c46676191d694648f8a990d29060f6a93516f1da6794883512521c2e6843225b1dc30da4dab3d028765a776e44d4e0ee703d91bd96228549e3bcb22485e236085124e08705721b68667a178bc0710b77b195e6410920ef2cfd412b797b21a9c4843e60af844e8c5e08250e50736a6af046c4b1a435954a625e011a31786094395fe9d222e4316a316a73926a21ea73085ca1dd17b7c90fda73d4f5fbe47786e244ae2d042d4e624d46872e95816557f31f7ec31aae5ef92d40f269ba87621eafe6ae59cabc4eddc5878d687fcb5351515ed1612f218c4a158087d4596dbcaf8136ae796a93626cbd1376496849ee31f51484a5efac37a887188d4ae9c9b8a194aab28c25d1db925ee8b7ebb19b8c4274d6fec3d0b95f74c7cb1de51d56b70c7696bc2e8b245c669f6010a13a13b5a3ee46ae69374ae3aad5109ebb3cd8e8997a79d26a8dc365f2798674b645ff004f342fbfdd53f0dd96fc291490b4c664f0afa0b12214ce13f504e00411358beafb7de04c0994b217cc00962d7fbb8ede21f0b2acf962de95627616a9596c5db44474b100dabe82a83a76dce1188e4dfa63e596e1596c5db44434b1206afa7811fe8a4511e862d4e439c5b14f5104b036a2082d085a9cc39b2384f55f9f9ba5b5342c5242d67071ac1362deed3bef781b0742faa3992482e5af335c9e9e8c88a71a174b1352c1d396e612364b97369b120ec924bac9ab235d2d6fe7d68c3759526c340369b1756d05a8d3c67e4448575093b83486ff0023b263da47308b0a24269aff005e8368fc4d485749b361c9351b925b6ed887b270e5672dfc8db33632962190766d804cee565cf96f9aa7f098b7b4fcd1118541bd9bf91b65a3b4f97c89515c76509ae50b8becb842692b63498f8133fd4b8b0ac05caf39918793501e6d485fdc25d2cc6b86a605db6e28d8936d2efea4651b92f6f0886bd28638f345a59e662ed0503ab1e56cc58566d1a547c919f79b43e1609798b1c99c8a03563cad98b2ac5a34a8f9eb813b263a4ffd048a044310d5a9ca720bdcee12b53947bd466a1cbc0d2aa87d0f1feaac1f321285e0c08501b8c4dc79ff00472261e872d44fb8b90d7a8d6359269e069e10ff00d9418a6f88e0687fe9535663f0cd634e85d1917d7ee7dff28e5fbfdc92f725fd51f4fce7d3f38e7221a70d1a28858fa70c8f21f67ce7d9f39be7b0398ec2d34f41b93c323426328135e65924a5b2d6fb74c828c78c97aaa21623225b25ce1a04f69975aa63305b2452d9e5404c8a4f8f1b3f32258a0e33565ecc9c679b49ed444b177fab3ecf9cd705a547a3a3d48b96097992d230933e3708e6473238472a3fe88dbf58da687fecf4e8543a40bfac33f34728ec7fc23e075d2d8dd84c0850923f25f03366c96f27be7f1d2fa37a8d0fa67f433974263d05b5ca63cd9fe85551ad26b2f0f445de5b93e811ed2d376766bd46b250a1b1c92b79712226406c32d294e96432acf9c22506da27a22fba38669122669d84cc7716456ecfb221c1cea63c8c902fe66e2464d948218dd55e326e294e16f931124295b0f81a1ea22ff80e7d629b55abd490c95dcd87961362eeebd327d9e3ff0013a782fb5dd989f77993370452ff00a35371b9ef4f74fe3ad3a6353db479ff0064d79f27bb1a2d1a087d882019b98af5122a93584e62ed8902dc69217724425a416acdf764d5a08b8e8bf2904b5cb2591f6812d307d48c1acbd7fee8ed829083b091ef4c24b29c2c7ab6663d6d48d56e3bdff3f92574a3f29f669f41ba3e8f1ff8c5478e8fb5dd981f779f403df3f8ea9868bcdb5161a446b4d13ef14757c79594fc8470b9e8149a2b2f7729fe28fa5edba638d5a1dee1d9a63f2ba4bb20d2fad5fb7fd1369cab3436e3be6da4d706d9f53faa6223a27b27f27238c4259be8b3f244de366ede88d924a5bd064e50af5b2fbc57e83747d1e3ff001cc3abc0be6197442bb497cb219195a2843fecfc55f22d022b143514eda8345cfb18985dc4ce1470242920692449ff00caeab6024a4bbfbc124b3346cb45476d3992717324c69941fcf622d35afd5b91b169687f772ed5cd60bbc8a54a69797a630861f2d6ddc5085d24da1b6b082edd9497bd2734adda5b89589b3809ea9f0442b2fb1e723b2884373139bee25e2b9b97130b065df91dfdf07e3af9125949389ab2e4897a09b7841a766f57f76a416b271497321ad2d9cf05c18cd870169d15a21aff00e29741ff00ec167acfa5e7ff0056bc43cffead67ab41ff00ec0b3d4b03e9c3fdd4ff00b15d487d2f1fefe7fcc8ff0001752ead3fd967fd7e3c258ea431ff00b7cffb858ea5fee567c6d3fd0e9e0e9d4badff00b0ffda000c03000001110211000010782081871c009c76abd71ab7fb63af8d9491f04ab91ff0c58f29437226b76c9ebdd00d33e9882e108cb201820ebee400318fa0aca1928f6a4d0b9c838826e4092ca668111f53406670427d8f48f553c42202cf3c31aca5d2ec4d453f38deb63325daa311a5516c52ac38b5a11c04cb164c97fe1d1787b8aa00a052c9252c33cf3cf3c8eb8076cd63c86a1c8523ba7327c5b3174826bbe01431f8ff00c05939cfc416d1425abbc9d64a4ae8be034e10c2084a77d30c18b6dbe95247650f8cc0323a4c3cec78bf07eccad16f435b283ae967e8b91767d1132bcfcce8a25d98eac2a00e408fd3c0e29113c5362af16abfccfa56b934d64828e42773447d2053eaa12b406212422e70eeb29ab0846703b2a382bcfc88415b8720b66d9c968f8647bebedbd185a142fe752480011a920242c6eee6e0990482c054bc8a63c06d7e5341ba0fc7efb21aeca45a8c31883201434991fcdb07626072ac2303cb54dfa690ade870e33ca6a33c17ff00c3944701ad7e40afbc33e406c3e6508356cec5ee68b1ac65a7c1f1a71666109276e3bf750400d1c43fd868d3fce292dd037f1a4917825f4d88dae5bc32bd894478c80b9ade7bc996baff00deaac2bcd6effe5aa5a19690b6c8798c55bbfd505269b2935c00289341262c5470e6f8e108343e18fa0face8a03cdd991b521eae499c65157fe51525fedbe882191ab76bdf3cb6de71704d273414d6edb0a61a8c792a473b7405b03cf0cffc8965876e598b2f8d40f9c1aedef6217c8951cf3ca3b64433dfde6e428fe11ee06317581a96cad6961d708cf9396fd7f220ab752f0230bbb00bca9f1d284eb7cf3e38abc74a94fad73aa43eef1bd31681313ea20f3305f9e97a9a8f72c3b36e56cf7738bb7e9ec01baa78704232c89cf0f13615ff0008c7c20e7fa90e8fe367ad1ef8619ac80a2ffbdb513db572a7063fb77e7efe55254691c297ab37bd4afa605662456f8c2903494fa10cad15abc2d6a0ac701e8a92bd41a585a6e413b909bc04112014da15339a5db6eeadfa7a06357fcf0f3f7da007bef8143c302cbe0f8170707b3bfa335faa47fb07f7f11debc4011a0aa0e0e105a470d663ca419cc11411b330fcfdc80d7cc0210c8c09425d9a3e7504348fa4c8cff4037fc27875d607856335c4c947e91882481d7dc37e061da138031c75bc3cf4a2d62941c457bf8827a5414082464085e1b5cccdc111f2f5aa80563c0b8e39cf30c2002087322071c76f2c31e0e2c0e20b23bc101bbb79425b68c1f32d34ed2a2d9fc3becb584c33d3c96eb4c3090a8730096000929020001774d53ac8a00676c3d75e7a965ee4383d45f8dd92d212091b0290208c24d9844a20844f802c09440c31bb4c31cfa26825b8f08181e1c22ad120263fbc3c0d4fc8195edcbdb68c24071438dd04050807ba470f087420917d70800078756d6053c05520c6bcb66c449fb24178b0e6b8c1552a43713303024e1cc40b8d0298ef0be87824a1cb8e283113d641057a49280cf67c4f20a11d237d62403cd8b395808a309caa97beb528d39aaa0810bab9818c900441a5f00297e4740d04848b5d5196a40a333570d2ee40d15e49a4dc539f6203bf8b06fe40b568746dee9c4e55bc87e348eecb7af2859b34ce95ef65fdd803000dbeb55a1f78894af2097c2867f3de9c714dde1c2e35155f9ef6fb43a411cd8a063993062bdfb623cba283451e412623081353854f33270a68a3c757e440be994d5c84ca9d01a42dd8802bde35f72ae0740f17f27dfe08846c59be44e0ada32c72c25d281dc512eb1a23ddad8e65789a5eb7130a2a2e005c38d0842b5265c78fa2acfa5cdf9ad1fd8e6877343c8add71a170a0cf0cf228383b230bb066d7bd0d5e7e04b8431a1612e7e3e0b1e00cbdd83a8e4257be26c6353410170c4acd790e90c1f64299b8217f204ef7a22dc4dc8f04690022cfc8026417fcc76fc1e8513924fc2579d5a390252ffbccd5acea3fa824b2a72af338d7df0b500acc88c91dae1229014e0b5018cbf3d374e444233cb70710c04db3201217a43705750b946cf23a4e974984b85488379d8cad778caab2b4cb821a4452aaf90c1c020096b9f415acacc6d587f03387546b5e1199fe5012111c57cc92066936630ecaa80c9ed4c62987ff00581214cc1b813c54d645620e3ef66dd05421feb60b7e9f97a5e441e4ff003b990bd4a845c2449641c633801ec5c08af0892ad23e656c234c214c6914a9958eeb030f21db6979978584975a54ccdc5e5f41d2161b5c829cf6897fbac6a33a5b237c1994001a19d81084b1689eaa168d10e10331b856c4a14cd81ad52a460a621bef1218febea2258c805566e9ebc25244be0ef3e6f833f0b81020119571c71818b0c12366349f643fd4e5ccc24b8c9ee268dca32b3cb952c44db1b207fb0674c1d297dbb7a08c0c810404321b65860e089281132149653860b462e30cf0872673aeb606888b8cbb812a233a261493d20600e24520e1cb1011c130d4105114140033882312fd8142a30ef82692ea2102befbc72d867fb46ba2097824218f14418738200200e24c00234d04d45b9254920c81b514d3efa2891d2711242f7dc0475cbcb2f9ccc143c508d2ce1440ce20604b00028b0870cf0021ce09975e654675d430238e20ee59cb0fa920c9f291ec00220578345420528908c00e30c10900900f2c218224a08d0c93015cf78094220100c20160e3ceb0ef1eb480073290f808786925d6440cc10a1cd30f04a04700730420f3c6382447310b3c10b0ce37cb2d9ca9e98baa07b9f1b7430cb979f1813b015e51308c30338414a14f2810c414834d7db201565ee31c4ae6b249289303280c3081a005848f8bbce767ad6d0d9575641e1c728014a14f28f3ca38149c3c8dccb46bbe96c80014d22c2cadc3290711992c3a3cc89641aac123ab7869084401d40520114f04f3c819d2c090f6efd432430431cf20604514f1ad4d6f305dea2c8c63d35c212e19c67f13ea4194321549028918f39a38f92f8610c7d410c67513fde7b4751bd2d4e377a280b08100e41dcfbc5750c3e10a507888642a0c449431c7d84b841176facce8e030552c1745fd0fe1c45358080441d41043c20d82094bacb0cf30d0cf0eda36a1614d4192b516a18ddf3760a68ca0844f77f3978046dbce1c34b0cd26104db04804f18cb2c8208219e08a182a378b70eb049906630ee2d82915554e3b06e08ac04ab30955f3f4174f7c984118601eca218e59a3aea8a1b288e396604d7572adbea8885586da560c198c78c30c73e3b28004450412610410410a8632296bbefbeebefaa3ae5b2882334822882096ba456147aab34148841c620e500d1af2f967151841041041b8639e29ad86fbebbec9eebe48201cf1cf1c7a2aa27bfed06f7be6d030005d7df1149e420235e10690450410414a2d9ef9acbe3be282482cbeb86434e3cc3400e32e3816338c8fe0da3841ce1ce3cd3180830451861041041041facb1c90c33cc3acbe0b2492cbe730c20422030820d112ad328ea37a1061041041041000000001041041041041204c28a1c73cb2433cf3cf3cc20802408834000c18115b375a6493a0104d041051041000000001061041c41841738b04c20238f3c800414020008f3cb14d00a0001043bd048b48beb2104104114504104104104104524104104170ce20908014d2da2c34c43ce7df7cb1e39080c20422af14344bbdf8000004104104104104104104124104104df00f00a3efbdf83afdff00df55f7df54fbcf1453ca00a16516040fe8a00002041041055041041069541a4104107dffc4002511000300020203000203010101000000000001111021203141516130714050a191b1d1ffda0008010211013f107ed3ee7dcfb1f73ec7d8fb1f63ec7d8fb0fde3f61f41fb0aea9f53ee7dcfb8fae9abb1df6cfb9f417b85ef13bc9f4634793ea7dc4cf27d869569f73c34fb12ed9f43ea7dc5ed3ee7dcfb9f53ee7dcfb9f53ee7dc79f63b2ec6bc18d1e4fa9f51fe08244621221c9e02f69e3b16d3ba165a7d8fb7f8342ec4095ebb12e4cbe484c9a43ca67dc725761f278d133e826cb635b15162a576227cdc52e2735d891482f823d13e8fd478842104b066df433d88adbc154189f4888086263d43abf43df27ea35f4209fe2189bc22c5d0e0dd0a3d216dc84585c42570be50c7c947e1650fa1fe63b3f632e67e254d882270108242420988453e8f70962120488542eb11462e43a3f47de995b50cff00163684213b1ca10f37b161d17c132621a2385248fa14b7eca6881fe23b3f6435cef1420ab46de07f03abc1fa0909313317b0d93f4150c30b08778326ee8fc21d021ea71b2675fe868647c87169112d0ff1214a08ee3acecf09a0d6b6313a14c7e90dfda222f478a8f19fe23bff0063cc68b9be385c2ec505bd88a6e02f78a74345bd8b8058d065ab5b8258d55128f610d87fe2392f6c06c530c7f887cd675fa174136c4ab84403a8840d593b634b4322345d1a3fe21d5fef29a643718ed8b84b59db1310426821a1227c657f023a4ca510b805886918d5b43d23a74456f085b7875fe86b73c9f23e43568ff321f487d03f787a1749762edd43efa249f63c04ad6d9406cfb0d3d3154bc335a7f987e83ee3ee3542736855c3099b2ced9b842c173644260f748fd0681250c8242c160b1b87d316f65371177e88c4e8b7592507e687eb23f04bb5d51343f03e87d514768db9dca1d8c0ee42fe02525d0731a7835ac4dafa3ef026863ec7d11e6910f5c39ea1aa976360c446db326c8c473281509a32916a10c27612a3c2c24242c165bc90d1e7229f6e3aed12e0feea639247ef35c3db89f465626d6c510645c109d4624c2768470b863982284b6c74c4531d8756114877ec63b1a3f247b109a05d884213160b44f1de1068c48c4825204a4608278813e2efbfc60600a23a3166d5d9e584f11904d9d544d0f0a25f427be0fd22366123108484848248262d5a2a165ae844e6b89034f2455126f0bfe0ff00eeaa83ed20acc5c177d908413627b09bf024231a54f47d04378120484848484b896ba1135096169202112146e0daa0d429d9406510e408346c09c825531ab45211499b6c6a30115f737c8a5677888416a0bbb109a35a1423446c4989992ec8421345193d86e64e2dd89090909082e2946425104d04f7652b21bb234a90dba8480ed143b46b3146d8ad1b1117b2ed263217b4c81dea1690514a70359899e82b4a911c5882a342a4814d46905a84c20a98bb0a76243e8129b84f4a53bc5185a12121212121704875687839a894e89d421f28d041206dba13c8c9bd8d9d0f54258343e0dd51a42c8581beca018d1060d49e4981b0e40d940d6921a5b6f442a8f4791dd0d0e8cd74236d8941a1718d8210d944b0ed090909090b0da1fa8c62d1c4458c6f0e0f439ab3cfc5f52fb1fb13d8fa8bdd9882309273ce2d483836295ac13627a086d92747eca9e84698b64b65114419ac236441212c38195487d1323d0d936346d0989a1ec73a5cb65fb3ec7d4fb9f53ee23d43dc92287958924b0d51194ec35624c08849e836f27d30b148b0a32362d7638bb10d21b5483131bd90d3450b5d09bbb146411677f8a94bc96aa1e0d9907f42976427b3b5a1a2d0d9f455d64868b84d89921b94a53ce18ba3b23645e4e9063710ef63b5193dc87b451ab8b8bb1a3f015d82ed1dd1abe235e18e632619a213bb621f47c92d934109509121d4a2a12d17521c6f255942551219e061891d6c5138c53d09111363a430ce1d8105be6c436a0d4e1ac112516172121ad925f39869c97b78eb1dd3aa114505728a94b96e0816c21e34a5cbd294d5214d0d8568db6c4885165bd0c7b20c2085d6fafd0ba43c45c3cdc1362bc1410f8acb16d0480554e9509889a1da869e84d8b303c6c2db026c423d91ec9e8484543b9be86ba28eac297c89247787843434312aa64d504bc0b5fcf43d4368b824e0ec177c1f476e29110fa9d05d340f1289039ab42c5b1c743c78cd8e9d0f1b62fa9e1267ee3f60e50b6cda3c06982105294453b1a162bb434d170f05e4e240f5f3db8cb6c5e1d06af86ee0b141aec5a684c86c7de27a1a3ec943151b1e128efa43d89cf2cd3d97f4688c4fa62e0de1726b0df05aa9b156f62c4435679ecb84dc545a3af0a2c7c16aac327824764862ec4ae874d8de58f4331a1e98a0c17c9fa1241041048d48216147c18954d3c54510f6c4f8453e91f321da15924a146ab8742704ae0b1a563c6a1b44c4bd941e0c886bc1b1b763ec0dc25742f0091caa52891d3221f22da47153ee1aab2110caa42bf43475b1b3759df441c795598db7ac56342545a17b631bc6c4f03c242d62c3b122ec8b10589184cd29d9085437516147c7ae75a1d84a0f6f4341f638c54c69a35ecd5bd8d1d21e566830d2686a3c24b1e21b16d8b4b45d8c45c242443f816fb1148422716c6e919085c12c24341ae1e0b14286a8d4fa216d4355622486af819e857d0d9af43f06988c14c25341083ef0914681ba2b6ca3e08a352107c210e8a8498965b3b214a26d60de58837b133a16df70f742176268439e3504f2b8fb29d33a69508d908cfe21bde865c7616287648a30b6b852378792f1a366d90b8a36f0259a51a7638312a6960fd3087abf45b0a5b652901143b68f4387648ac5426d12a35ae828f00ef02227c04de989578f917045186a21a10ca56c55d912297147b129852e2c118120e8a5294ec591d0a528992fd791a54f603c285c7803c8508b5d87651a4fb1af81a0777f1c74e2d918d41f58db3eb2bc18451b294a5cdc5e3dc92a1607576528989c74d3bed098bdba086921ba83330f6de4a5294a2edbc363c1b6cb94228ddd23d066cde21382294a3813a5e088429723566b60b4f8628834cba3f544fe98e59d2a9b1f9baf08af38a5123e8a513b7bc30f66c4d1308f1b2324636f1062ca7bc4294a370d3c582744ce8819785b60ab268abfce068a7807a751d4e821ec12edbfe8d0b4693ecf48d35d944e84b24a18c8be8a2084f2a5c378894c25899a51862845b09d228a7969a1a15b1331576448517ede4a52948231a6b684c8762ace8628e3d33c986f0415eb064e2fa1aae28c55d9085341aac5cd28d88612c69151a1d7d1189d894369142d63189766e92a6bd1a294a52887b0d334683c54a53b8890fbc139250986a9c3bcc1c09141bd09b2a511462f069090786989831f62f26ed33b45ff00063bff00d3ab57f43d890a528991785294a52937d3282fc2f5a128b14b879371634a52f04f06d6150b060250bcda919d929fa3ca7fd3a3547b1214a5294a52946f23c2eafc1d706e60f0d8fac4270b8982763b0244255c27e26b46764a7e8f2bff004ebd5fd0e624294a520fedc53f23e856e085c35cc90d639e04a109f861317f0248ced94fd1ff00d01d6aa3e89092f986297178ae2d8d473c08412210b88358d7852848bf8309c6f16a4625392659762e0d8f42d16234244209518cf60942444fe3ce34bc1f364d8b2c66826048685885d884890bfcc84cacbfc8f0ec80b2b2d1e0b898bfcbb96c75f95a268825cd2138228a7c2ff2db3c1ce7e09c994a42104c4114cb89fc69c189f8d8bf0b1a210842650410b8842fe7bc69733f1cfc709c58b084c42e61b2fe7618a2fe3c21394271a21784365e5783630f6c21705fd1d104cbc2171484f78a363631f7842e77fa3a265e13836378635aa87a5235de12e109fd45297346f831e888cd4885289dfebe94a5e2f0c585fdbbc310a792242fed9e18b0fc0bafc2c785fd53c316289ff6cf0c595fdb3c310b0bfb679595fd24ccfe0b1657f70c5842fe4fffc400241101010100030003010003010101010000010011102131204161513040715091b181ffda0008010111013f1032f2fcefcefcefcefce7f9df9df9df8df8df9c8fa4ff00286fab6f091ed39afc2ff9463b97e50fe17e57e17e17f52cafc617eafc67f8c9fa5f9db785f9cff3bf2b5f0bf2bf0bf2bf2bf2bf1bf2bf0bf2bf2bf3bf3bf09fe31d53263eba95e2df657e91e59f0de36d96c5dc99978426e8b800ee65f9df8df9f19a53236b921ac03915f501f5766748b41b2d417e53688ec97693fc796e5c659396f19659f148f68d2a093fcdd7eb19e39f5f0d25b6780e20fecab1f148cb8acb616d7bc862fd63fb4ba2f4ff00b3eb6f0dd164119ab08f6d9ad8c6586f04571f561364b7b713c785bdb2cff0b34592020de10d0e301ea5b65907b24ea5f884f6d8d657c9f6de5b53334d825b464d17a45ff3c7f8486cf5ff00b7737442dc913da007529753586d349b616eb7ee3d1fc8cf63db89e7c659ce71967c58ea884923d830fb3ffef83f52e7b17edaf846f23ebc333d864ca3f44bbbea0beef4196ee2d4bde080dfa4922ddbdaf6ff00b78d9c0f5e0f070e901756e9173fec605b0ff6c3bddb5c4f1b279ceb84bcf932c532b6561bee07f6ff00abae4f865b67d2ec03ce3381ce3ea7f43678257d5b84b5cfe4edf481b97e2413b8710f6ffb2ebc3601bc6f0cba1b162b7543c0513f4c760c2e9625d8f13cf8f6c8a1a4299cbc8f37e4e7b31753f41c465a8e8440210b1f10eb4bbdea281bdc42b3db6c361de1de2e6fd7344c97b7fd8b8b7eb6ff00775698ab3bbb0fb6c0f2c366a58e2fce48d49a2dd8f10b8b7ed7e977526fb2608c71e0bc59ce720f15342fb6c7f6d95b63f9047c3d4771747266ebf49fecb4df55e726cb2daea3cc38cde3d2cd687ddd599c7913db5e5e0b1752dd1327f6d1a7b10e3836f2538476e5abf2e3d917ab2443185eeb36cea7670b7ab481cef3ab5f69fd5ff50a67eddb13d26472dd3bba25b3c76484fae079917cb1574edf054f84698fe3c09f9c43817520f529b79b28efc1dc584c4e6413f5bded8776df2f6acecb2f3c46396ff2de07c19f0d8bf8e3cacb3338764c1b4ff842a80edff497db557fd5fa70dde04c4fae3d73f65a9a6608e011c62ec3e1b273aba7734a6dbbe1821bd958c76490faf9fe833d1b3283e7cc3ffe9ff22b4bee6dd6f5120b3f3e2199036c2425bde21d5d03609c98b2ead0f85e19c36284a8c891b412eb676ec78add8403122be4690e564c2677653331813d4cb2c51c5973189cf6ea9b185e45b2c806cb816c2dd25d8fd5df59648f57d51264f0664e5b275688ba956cb2cd85b4b7958cf41e27b258ee81fdbad0612e94b1e985fd21a766b2b064e82611379fe58e2906367d5f4591b0fb996ac95d770809c7698a591a12d080b968c9d0bbc9c3ba4287d10336c3a255eed7d883a80769e9d71961639025d32cbc2ce15c82f9c21cc33218764803f920b01a7dbbac7320624ef51e41316d889ec74fd833226ad45922d2162ec14a8850fc90d82b7477201520f323de2f44ba4186b618cb447323d70981d175c616f5c57b6df80ed2ecac3f703c8eacaefe1280f6cb04c9030bc4e73f1bf3bf3bf0b56be01dfcd037686c0e38b3660d277a99df76e4cf633283583c895eecb2cb0b7ae23bdb50d8f124ef00b43915138f767123bb1ea29c01ebe79659c30b167f967f97e17e1c0c76980b2cba80be92756b7902ca4777897a4c0126d89081fedafed9d463d5d25aded9920bb385a4e8b2161b8c8f13eda5d4643c40780132c30f19659c6596596596596596597550d870e0bd47919297962dd7ddd1d5daed8feace19d797e703f57e5c8ef392d782f6e10d80790f2d9822823658f57e21603f665409e13e887c0ee7f91f62de143d981be19cbc8cf4b04cb68ef763c6521f49d5b0bee0fe721fdb4fb6d1f5b3cd30b07885bb0fe9c0a7b2d34b6e65d9a8fb1f020b48fc1289e139da187c306caaebc68d961b7673f638cb38c9f85b757232f699876cdbc7d183390de2178013c95e390dea59ede16f7b7edb24f2efee4bf678023cf80380fb9c5c67dc3dbd21a9f87d1f05d2cbe07818f8af1c0307f58b8ce9c649231d9dd7bc9ef9c8188423808fd167f1061db38d417aebd92087520cbfeb20f128ee6ee238ddb23349c83d9775a2fdc9fc8db247b3f07bf07825f02f3f17ae3d5ddcc7c9c0e4aa96253df2579c210ea0df994bfaad7f656bd046015add2f5bb65e16976f787496ce06781813e58cba2369323cf8bdf24f47ca3d7c3a1b2d762f2325e32273b9b1484c6cb3838d103eca710a5fec9af275148567ace0780f8211d3ed90d2d06780b78f37be4359eef5f0c120f860f8cb5cbeccf1df0c8233fb19f2db61373fe0f23d967b64db222782604e14910c23ecb27adfbda78c9cda3b6471f87baf82e700b144437931b78dcf2c2382048fea4e4fad93123ee712cd3e20b1302704b6d863879588937031dfaba7d6da3817f04a7a5de890c3b86f60061767b6c69ca64401c2710b35ee5e11d60043116cec70b3df1b2c0c27c103f6ccf6c135af3338144e898ab69b06cb20f837be7b589d4ac30ee21e42176423d5f8b67aea17db11849780a31d9c38360ea7036d97d739c2ddd83edf4b824b6d7e1b098cfb68720df231ecbf97b96143c317dc3d9e020f561bfef193b6edc24585fdbf69ff00b17687d3b80cc792f832479c2d7c639773e19ce433836de36df865a1e4b6f6c86da7894d9c486c839093eac499ed61a7f98cf647c953b8068c9ce09e5fd63b83dcae8cc1fb60771670f92d761cec85f769c3ce596872059ce4261dd162ce337c8276df497dd966cf4bf946c4b90dedf9b0ede3cc771fdb70cfa95f2cb2751773ee79e336f1920f6f27690fdd07dcd17e990f4962f89e4fc1b223d61b621b67a4ff00129b2ce3180f13beac70d5d17b0fb2edc270cb2cbac3a2c1659672fa907ee11e363f73f6b259747c20b214f21fdc341e39cb2ec4f9f0ead21bdc46174f0b54efdd8c73f6376e8b381b6659b671ed9659ce7368d9ea31f2cb24b34bff00ebf19f443fecad9a23c8b2cb2cb25e1c6902698eace59b20cedbb9b161696dbfd978385f4e3b589fa138724b3ae1beadbde00b14fe4821dddc6cb32dfeb83543fd700a48ef73298166beec7054a3db2c9f98b42c167023fcb7fb75c61751dc3089826cbcb036db6fc72202793bf7c113a6c89a84c409ec7d163f9281b6acb11f12cbec8efa6d3b3d94e9267d111b3214f2feb01f38432c9eae05cb5f767f564f092cf1e7c1042e311bf65b6d7c196931e7b61ee1d8c7b896e880bf1236dee3fbb321943a9319270cb2cb2cb0847a64318ba2f60b23af2fa1e3a9b2d18770f59bc667c035c85596728dee53c913b8cd2d19c6acb387b82125f21929bb6c6140c065bf6907448b4fb02f3b8b32401633b72eed5965965925fc2ecbbe05cb2cb2f2361f9399c6fc7bfbe51d13d396e71dd8267d90ef8dce596b9c0e6e5b29e896617dd9bfb4536ddaafbe4ee179afff006279ff00e5e83977eacb2c916786596596596a7f5cce37e0f97d724ed3d6cb2cb382e5d8c815cb567264729df0cc5a0ee17b0fd465b9848ff802ecbc97ff00b0bcdecb9776acb2cb2cb2cb2781c04729efe1f5c65975c86cf4898239348783e1b3330385bf9232b6ff00942ecbc17ffb7d0deab917ab6cb2cb2d89fcf8b5ccb38cb2ce76db781b742716591db81b03670b30c3b809df274b6dff0050274bc477fecbf5ff00e5ebb915ab6d962165967c725b79c8832373b996cbc3780b60235fc3845bfee04f52c7c3b6fc01d439cb38fecb0e13b6da3d4bdda94384fe3c42db7ff00ff0c3d4d90447b6ccd3a7874865c2db641d4a65dffc308e1ce59c9c36c47778dbad5e03c3c643138ce3ff000836cbb60f9edbcec33db831f92c2c72138b3fde0befb3fcbb6dbc672360b259e10da70acb3fdb0e33ab7e5bc91eff008831c1b6db6db20c2f20ff00ae08a5f2db6df9ec44bf2de361e76db6db65bc90790667fa4123c4e27fcbbc3f0db6de36db6db6db6db725e3784d9e0333fcd96bc42166717e1e6f1cb7cdfe5af5b7f09fa27ac8efbb5d32f73e1b6ff9f78db6de10cc6b33fc46b84a08f26678784d8866fccfc07118f3fd3df9ef09358d4f90720704dc482816cf4f1d96598767138b6c7b62d3db76f597ace1b6f796cb96db6db6ff00ac935accb238219c8da774ed988e7918964f8f6509025afa83a919d97aeafe70ece388c9adf69def827d9de3b8bbf8ef07fd1c98f19f10f907e5b6ff00a9b96ffbe11abc95dc237ee5a6f2b35cb53d9dfa877db57c970b53d9dfa87e9bb87ad87bff0016ff00ba3de2dffed6bcddfdde397bea4d9dfb9dfabf88756e85e25c83eefe38fbff0006ff00bc21e0c767edd9a40968fbb38cef66cfed90659fcb0ccbf526bb03677bc6ff00bfe0dff26dbcefcf7e270238337aff00ccdff188bc4cbffae3c889f267ff003db6fccf2227c99ff7079fe89fe23827c9ff006dffc4002a100100020201030304030101010100000001001121314110516171819120a1b1f0c1d1f130e14050ffda0008010000013f1031d68108df486eddbbf7d3feb3c76ed1af549ff013264a517ec183d7d570f18dd264c666c49bab70e86be85bbf6ad6ff0092fdfb562e58f346955dd05a858ab3e850e05985dc3773a7a33d032e163acd4316e61878ea776cc87d249d3b314cfd08d05e9408ddd7873266842ceac98b317d2cd9f363ccb099a433748503a10c02740081a20490a0cfec79946ff63cc435fa1e676ff73ccfd33f99fa67f33f60fe67ec9fccfd93f98461fbe7f3d4000fd53f99fba7f33f54fe60ae7f53cc57ee7de3bf6bef0a33fa5e60bf53ef13fd9f989f3fb3cc43f47e679ff679fa0e4c61c6fdae18fa2e7e3e93a59f45f43ba5cbd4b87acd48b368bda64bec456be086dfc301b07b450e44f59ed2af50d016087f04ff00327f910ffcc9fe643ff027f993fcc8d531eb02a85be2182649fe240339003cca1c4b4b67ac3c4dc3711c8fa468fc502d28bf3f8897f54b52d7a4b184a95d02d94195e933233cb80f3e9cae155399c620407008a2c750ef60f90ea406e0ae5bc306c09b4c19c4853cd45aee2abb9996ef0507663a0cf702191121f39866ba664f1748485da85844b0e8e7ff002a703e09fbc87bc2fb4defc5394e2e29e6b1bfdae59ccbfa6fe8b97ccb96745cbe8b845c59c45618ddc7645f981028af245954be7a21fda252872f244a5676966914a512a0491900ae1e49e0fb6793e64f27c53cff003279be29e6f993cbf225be2788c9362480f55872429fee426521c4c1554d4bb97d2e71a8014dc0c6e7bc305843301f1fc934582b89b66c3329f4466479c46406862d4b4bbdc435865e201796a7f949fe5a696ff2465b79273e9086e081d6b32b61264bccbc70f922aa48669b97fdb2ae2f0405e5877ae35d22dde22efbcbb94b057077a83e752adb2c9ab94344bcf24bf78e10f09e896cb8bd194bb9924b4d47558c7c048a3575e93269f89fb0993563c84341b7d897fe245fb5cb0632fa5cbe9b975b97e25fd40631e8a3591f37533ac34b541eaca93dd9b60baaca036c556ff5332c5dd4b1bea6c03eb0e207aa41760323f9894846d92a58b6f76e65bddf999eefccb7bbf32dddf996eefccb7bbf32f3b7e665765ac3b3bb6276beb7999eefccd867ff00106befd2ded0f988b826252e2a9015799685ac2e62305478544516a5f2f4a8ea5c1076614ef2d13df994d45cb1de233b3a5450460ce58163bccf77e667bbf32dbc2dfac24f2954f24b03641970657e62bceece7c4cf77e63b06dc1fcc31e588be0a22de65dbbe81e6196a0fd261b95712c9aa25de65cbffadca571b9de3e671f76cc5310458d9db30e428711395f6456d7c4bb4e177d933fdf9f77fcb0aea32e5cbe8bf32e650858c79474d577638f1ebda1c7435fc9285d7866295717b99f489210600d10ed3ba2ee29190fa04ba85a8536e83370bb4fb33b1f0c32fda915165e8547c4c34e06b920e22e573ee13eedf98400a65d596956fe4cff00553fdb4ff6d3fdd4c386ebbc5457e8b9fb4ef19f72fc41f3205fac57700637d1556851eb2655ed00c0c10d63537a2d38a9ab27ba3ffa0811688792a6bb5789b882fac3f78150ab842d41c3ead157cdefb425385d259f8e869fc1eb8620eb0b2a1b829e3bcfb57e2336f49fcc55eb4ca1701865821cd61498688a76cb97161d39972ffe75368f538b1ce63dff00ecd66d75f795bd7de543215eb31e68f589763d67833eff00f97e81972e5cbf3d1717bc72c45c685baef063276dc20edbd962240f084563462a8890f1bb07da1c89ec607bc14e0128e372fa4533376772b32979453b1102151e22012dfcc2558421923ac3984a66998288d0307cee83b000aa911dac6f53f504f2fd93cff6c5473f6c4c6c2aa2b4ee667ef3bc67dc3f11127730d981c4b3178b8491acc675b043d065e311152a2c39b940a88e72c5f46907813b3302c2e72a9e3b4aed3680347be2015328661ab8a21ba43c2083d59aef529706dd4ac03181dffd94d47b6a5f9b52ead432d330a2a58fde7d8bf1399b7a4fe61bf5599211821f38b9ccdb1399772ba32fa5f437ff00459844376f4a9a4a8fa30dbfbd3fbf337ef9a3b56f7ff51135f2ff0053f051c6ec7cee8b7f37f2cb972fa2ca745ba2f158058b816ca007887da5e9177c0f6e6558b5588884c0ca608f28f28fbcbd61ced8c9ebc916e627003d482d2c2f7a17f7e8c476dcaaa5ab12d2c2222dc4cc440f695e5a799d83f31cc41a2799b9dc67dea731ab598c79e5748ff52795f332eff33b9187e1e9c753f47c4603ba2bb9678e816989786b397072ab04201b55fe2666edccd16a50ed3316a08f19467d4e8e93b7e68479944352fc68603acb874e6ef60100133f1105c5ef5061b0b26c453f88d45c4b8afde9fb1e27336f49fccfbb622349e89e8837d473d6e1bfa0df4b8fd7709a26ba194ecbf48019f720533ee41cff0004b8264f61ec8133f0a53bf8932e4f709e0f811fe972c1ef2e692def18bea5900aba778b596e7fb1b8e93330711dec61bdb15ce58abcf3193401cb501410f34b629d32ff0048dac1c5d1f04743de5fd14f5b59ed0d17e8cbcca28b0a3732a05baa9778a53696587b262e6daf12d34bc45183b48adbca7dc2732ffb83ef0ffcb73d59e184ccd2ec8ecaaa0af4e7ec3bce27dd3f117cf2a54badc364c8f9fe21bb974cf781fcc57ea4d4be6788612f89078626c05d1b6c81107a0620c1b999ec29f43ff7a0d6605581cbac8eee07f6743e6b68f0c778e5ae82bde9fb1e2733f6bc31fcecb9770dce2107bcbfaae6e710dfd2bdbebda396a33049c3de0ab58b7fa41f03e9509a3e147da27d088603e92cfee13f60cfdb7762c58b8e8f2c4682d944036becaf931d08b97f9da8513b84acb1a355457c12e84ca0dddc96c126fb5b6b71d54e4a822b6d6deec668d743d798aa6dd784a9892fc7c4c4b8a7caa01581de6fbdb4de3f982d3ea57e6565c3c24b902c95058397ccfb84fb94e63e625b59fe9cfd967ecb30ff003ca84da6f880040b280734c3fadcf467fb350fcb2e2c18387accbf5b12ab51980cec799cc2a0d367102149aa973b7cc590af9962571cde691aac2b8f97536b6f99cb50ad618b7ddffc8cb6c77a01ac54fa937896234173f131b61dc0fbca8fdff13f63c4e66de9fc3a5e2152e99cf4e7a5b2e1f48b2e5b2e5e671097f50d32e6984163728e7f10a235618f7113c50f5946c44dc0f89c47c53c0f88be5fe58c2b17d3e61c64f790f78e7a814f7960a0d67af6d40c69c1f84be3bd43e84b27638c2f896684f111821b6b958999a74307431ea95a22be192195742921f14fca6201dc9fb99b87731a7c4e2b1513651db8484c0e4b8c2714247f2a730e2d3d25931dfa6268f14fccc2b712d9ba67e9bbf463fab51b8fba4bf307a6091d33bff13fae99f9bfbc7f3b09cf43c54a8388608804ba6e1acc397d09cc73bb6f821b835af31b53994201987898e19841f9484c5d85f88e54b918adfbcfd8f1399bfa4fe7a11b219730fb43286e5e619e34c525f10d41972fadf8957d2fe8c4b972e5ce66e07acc1b1e910c2eef7acecfcb07af96705bcac17f611a185fb93b09ee4ff489c0ee7f304686174aa65f39be23601fed52b4160084a423ba919d163a5ef1a6cce867e6215662abfcc3bc66183a8913a8918f4375b5c76b8dc054e2fb45c1b2945dc7f117da68983443de739f88b100bc61e9c4debc82fed3c64b3ee90809a8b6b2acacf59fea4ff7a61fe4826c1d8dcb5b43ed67edbbf47dfbf1383ddd0ddf43717a80fb4e5f5a8cf8abf2c15eac3a0583bc2f8901cd44d621159882a5a25e86e830de65c262af763faf8405bd88cdb8acc650abfe13d61a8da253f24bb4a8afde9fb1e27336f49fcf43a9b65dfb74df4c0f632b02a9cc7411e9be832e5f69a866e1f70eb72e5f5bead225edf88038baf112a5f584348db87b46dc7da2990f59b55cdb48a34fbcff00466ddfbec34fc43274c6cf98880b9597c8868fe485a4f657bcee88190860858770c13663309ce08c63d0c66961a235898abfa9935d7b43f045e18becaf31c2efef062ca7ac6ae508540389d87a78a5ebda01cf33eed84606c1480ee40067167bc4bc9eb1fee1140c1eb14515f58afd067ebbbc75d11f709cc3a0ccc3150ecba150da5ca8bb2c19c4141d40b0041cf965310a0685e08688581f5948825ee2bee0b2ae262de521773d11eb5502aa00b1398cb81a9ef28cc167e44fd8f1399b7a0fe63f965b0e670e60e21a970732973659651035cc57488352e5f4358d60d9341da76fa097d2fa5c1644ce66752546b167ac438fc900dd3ef0e4128db41995f1531ff24bb6278f07bd1a8f0c462c0fb97005e605c039987139cd7a35e8d27399f51fa23cf461b95afa1c021408d0101c76a830367364c6cfe23a8827a29cc3a7e37e93bc35c6b3f1159f2cfbb7e6731086daa47b72312d7c08a37d04c7fc519a58fb667eabbc750d26dfe318c23d93cc9e7fc43be94b2a0ff4f667b5a3c4e710afea953d48842456b1286909db481963c882c9904ab61c1e49e71a85bb05fa732f72de673ccb973dba6e26d82c23af6b26bd552cfb07e23b9f107f31c5373ca9e7c2cde79902a34ce7a23283550a8780c340a77511023707a5c703bcc41e4cc07665cb972e5f5b97d283118ee8a5c963285100b2a09c244e1582f701e260720f694707a92fff003cd6f2fccb5b617da71f685438fbe316e2871e3e887716e6fd0b36ea3d1e815f2b287fe4acc2b225c828a5cb765471e3ed8edbaf788286b1b166e452fbc205bf2673e998be57e7a378adb1622b56be6793e73f7b3f4b1aff00bc3329562414f9ccfd977e87feac3156d57d27f8b3fc09fe7cbf17af894844c4ac6314cc5e0d1ef79872e8e309b9f993ff0060464d368dac4683b9cbdfa73b01f9ff006538b0dbe2640ba5efcc70446b02e6aea7717c4f37e2793f13b6fe222b21662158141a4f31ccd6e0fc351d5c52ca7b2fc4dc42861a6216b7d27f873fc89fe0c69c7c1053c16210721e25c1c4bd897c90e653425245a6ea25089539ae9636581705037a199a0e65e7a5f5b972faaa801a087b485c5fc31e6b3d217e8f896ba3e25994fc43808b3fb44dbfccfdccfdd77970b9327871fc4a78e67a3fe45d57439b7d3dce6fd0cdfa047a3d28332a1e6128daf2df4fdbe485d7a14704c2527d61ddadbbb63e21a769412e74155f2c463c159f7ee8df994f9f995ebf32bd7e657afccacf3f33925e6e652fd6cfd1779588b55fc12d657994c579816901ec053f888714291da717c4a66f82263172b19cc354189f12a3147017bbfbf78da7012fc119adbb07bce65882f21019a8e09e461c0b0ee2395b5ef28d292bef048293150f330e286d84a7c3f1d169e20df32bba5774a60ca2db9c3f11da8652fb46170569062dbcdc7a956f444704975996acc554779c301bf8629b54774ee6bae9a4cf4b97d38a1a730d72c4355d21ccb0bf2b2d52a4398e1cbf1cef7c73fcf83f5b996a2bd6a993f12a32e8fd4ccb7416e3cc5be8798a2dc5d4ce514e5f429ee781c9010dfbb2314563ae5f1174f9444342bc33c0fc41b491b37ef8e96372f128c0995e3d25e3e4a018ac4db6fc4f308fa6feba70ad6b6bcca545148a7109c4b562ea4b55584c5d626ffef67fb99fef6179f6945698408f3552e2095598ea41cada8eb6438649a2716ec3da60fe096e97d06604aef5fdc2c9ca36c4a8171875020eaf0def70c7c1e72cc6c8df2911f5acc661b5ccb83171896bd0b2f02950bc3994928ba8a72ea762216989ad476b0d4cff00cd9fe967fbd9fef67fba9feea35bf69c350374c3b31165ebd3352ced0a22613b40c8be0ba48c3598ceeb6e5f73330e66c651c8b8e6ee0522f32ccace26aa03883daca716b352f1852a335d18998f0150d958bac6ba61e3cacf233cccb757ed106a7c52fe4fe58b801fea618e304a5f723bfbf847ff0025bd0516e28e3c5cd566d1d47e80a3f415781bb62283313d27311c19b2fef399bd88369f8112dfd9220707b44d52c97f594b65dc337e68562accc9b8a39ea80f347923cd0d1810369933006432cf2746f37509e684cc3078822037460a2e0ef0815bdb06397bceedf625193e1221b2af82386971194f68c032b8aacb8f42205c066e32f39972f32e514d5371881a27821216894921a8100794f113c51e23a6f1c7888b1a261200aa9e6620397729d1ec989b424ec2dbb254211aa803020af2c46184b8d83912a4344e06c8b290d6242bd0e6e56c2df1282957786754cd4a7ab14a03c40a054b972f0c7007398457585db11ca05d28289dcc2ec29469455a83fd09f79fcc5b0f2370426d77aab3f795aaa00f73fb27aa04514539f7e83a5b8a2cc3e80c7e9b0edd63c0cfdc8f49766bb27f7355f34b9fcd37df24d837bcb3b63854b5c4093da2b1f7a7fb53fda87fe94ff4a1ff00a53c9f99fea45a85bf586350030fe6793f33c8f99e4fccff004a7fad3fde967f74cab5601b62cbf0b7de693e487143caf98aed3de54ca61e65dbbdc15850877b3c9f98aacab2fa1b970dc19a52791f3306f2cb6ad903d2f99e7cf2a1dec2dda7953b2a79514ed5971ad0858d106441644d95ab8cc4f28253086d0770cab95d44e430dc00470426f1b8953a72c138e596f4a98d604ba157c456ec0ba8bd95f58b2ec972e2ba4055e23c58677270cc13146843b180719e0ca57f34a7fe91fe973d35963d3a393f328f30abd4c9fcc61230b980c5b79e80e7981cc544711ed4ec3a33d30f227932ee70470a5f005b9eeae5f80faa46375dc960eb6bc4ab7fba04b8e2e1b9e8c937b7d113ff00527fa53fdb9fedcff6e1ff00a70ffdf9feecff005e7fbf3fdfe9e7fe8c2afe78d3fcfd17fd58413ff461ff00ab0ffdd9db1f78bff7cff5a63fe4ebbb9ff927fa53fd79feacff005a7fa53fd09fec43ff006a7fb700fef99f1f24ff00721ffbd3fd79fef4a7fbe7fb13fd89fe84ff005276adf58d2013cc003dde1eb1f3004c13290f1735ae9bdca0c203f011501f78aa99eb32c9166d57a4d8189618344b97143f104967b183de023735794c377f30f2cc1483cca36a05f813fd59f79fcc12e0e95e987f24af26dbe34fe7a1318cde228b717da2d916c71a8fac57bbd18be599972ebbcbf583d7e66e7f738200cbc30d17289eb716fbb621c9ff00b152443963bed12f331acccb98305ef07cc1f305ef05eecbf59ea83e65bde5bde7aa5b72f3b97337b97e61eb2def0d6e5e76c17bcbf305ef3e657967bcb6f733d3f7996cf765799ef3dd9efd29ef2ba2be9d373de667ccf99ea7afbcaf32ea5e79fa168b710ec9b206da3ef1da0fbcd326500c9e90862909207725cb971d1bc76945fd9170c235f788a015789467768f3ec874e40afc54ca2bdd7f70e4f3c703fb88399b6105cf42bf55dd825cda321de98fbd4c5d698f86170b2b5f88c3d034e8342faa7788230f2e78e7819ea4f5255de03860f9434da03da3a8d27de08cc0c7b8832d80f88010149e31073b0a5a21d82546191de91dc979e55c8efcbcb23bb2f248e565e791de9792677e453b955b6077a7dd9d1a67e689dc8892ab9855cc6ce63e699df9f923e48f923e48e299f4481cf821e3e9667cf45bc9f34fdafa5f83a55e6877a5d8e80793ea210044253306601e4e9c625aaa59c4757d778ed137b9772c5df33dfe870e870db0ea677587bc72a7dd1c1ce7007bf3e92b9de53c2f04b2a22ab6f441d91bfb00488cb6d1fc9c4f27e27e8bbbd287b47f14dc351641e44ffd97ee000785b3f31318514ab51662c62c58b1d6fa1fa899239b9ece3f32be65b4ee4ab290072cc4c2b3167ac64e25450e6131cc42022b0cd4b0ece97537eb1a86aea09d31aa988660eb1015d401c4565f78516ee0c09ad3e08263a8370aacee0789c798e49aa96dee66dfea6b70bed2d97dee177e20f9839d4b9eb3996cb5d30f30979cdd41f596fb4b2177bc41572621e917cb2def2d96f797d06144a973ba6a1b44400798e9e211aecd428f4205155a978319e65f45d1162e25e638e373065959783de5f64d835ff90e53d9b87bf30da0140c112bc764accba850db5da142351b1c2f861859988ac2c059919fea41f37f2c665cd7996136159e551f88e415ea96ea2c618bb5d058b162c58b1631fa8dcb5eda38f18a662ecfa60e1845663a2d61c0486714339f682789971cced4c0608bab780942e2ea920254bca44c1af820437058a6e1e58f0105f6e1331a024bc372d48c8c3595a59b87c62d06a6046afb444d817751582bb300a4f6096bd5dea088e4b50d80d2fc9b96dc2e116cef52e6d4709996ac5d043d865e671c6dd4755620589ec46227ba473cf750b0512eea366a3b911188479a82845ca74987f196255e894e7310f05e5224be9d897887a9a9a24a6ea2ae7708617c1cc32133bd4a85a7723800dbb11da33bd475cb10bbe972e0cb9920426f7cc04054b4d35b86a9ec479f328b6ca1d984144175da30ef5719832625cca46e2bde3d0e1bb8bcb55d044724d56ffa21838ce0b5630d36e205714fe60744b22082ed55439f78aca01374de07db17e208b1393a7eebf963a892f3f8081ff8cbc42de3d4b3f11867bb185162c58c7b7314518fd5ccb2daa79ab20ac59ff9a33c991a9a2555a88569394b8a502e346f7021dcea06b836c3520c09ed3000181ddc2a8b92a5745f278c472760c0d02917cd4e3ef5ed3800e3e971bc1529d88722aa68c460379cbe586603c41b029229894c3dab88ec13da711f0d541389408683d88189fcf088fccc3ed2a4a228f3e92bac6eff00108a30879a2e0015057865f6f50f98ebc42dca14ab1df213b5c3f7943e52f52d3259534d1ffb0d18001e5941b02475b1422340515dcfdccb06ecb84a16304fc6afd8811940aa7785a052a7bc12a70570930c62d752966c6078f10ae45d4632e003d2064aedaede232288f8803e9125e7a54bb9ef2e1757de01c556bd65608ae02644ca92399a3715aa4adeeed189d8a857508c8d9534de994e2af537dc659a598985c1ec157e928d0bd865e8712960d5e1ee8010072b1ddfead4baac7cd8cbe28dd8efad614544b2c69bafb4038630c8160762104f0337766bed29ef2fde7ecbbb1825b4d293c8bfc5cb886405f2b3f6199c7c22c61e858b16a2c58c7fe0c3b561f4bcc14ace0f66011499f9c4a6a2d4a53a6efa0acbbcbda678cff282df96a1601f759556ca80c5bcd03b1333180fe93096f12cef03ca36c68bf694af216849e18f102a5460dbd14fcc3e6d5a231b62f0ec460b8e2f987aeb9883cbbacec4d5cb32ab1f30482e8650ed03f9962ad15348336c45b0a53e228b05ede63f70717e2020a29463b5558840948c3d9ed2f20cb72da96f88a5e1916360a0f9e6288e16a2d1e566746e3959291d2cd6d02a80e5eb8ba0435ec4010b0fb104e1317d5803b745c1196e2dc0ae48b3df87f89aae66b642e7ac0b253c62390cac0434b1d91c02585cb644407015147b1054f0c4b9ef211a060d904dd839772de86919540e3d22f08d09e321561cff00643ca16693fd20744478a08a2ecd7b4629272b44bc6e0b156783f980d73dd2cb79fb77808df238a86fc763da56773de0280229aec959ccac5ad749f75fcb1e9cbf54378c5fccc8e297b91c5643f531186163162c58b166d163ff00014d4ce9947b857f12b32843e2a38c5546b2715c4cac1c0702e6106e28c779736a6c8c4cac114e1ab3f8979173709c94054a6a2ef50a58b577da1c014a6b895ee6598e45d344a743571c74ee9e90a05def006e01e5d4084438710dd19ee841069560876007da52f328e3d22e3396d1a08a615b78ed0f9db7e097a3642388a6bddb80e3e9f787a00b8e25c65b9e51800d29c4b361362150320e3bcbe205fe65d7a8f92235910ad72cf44b1d305afc45115a189b9aa310aa2c619c207de51dc15f7c4715ab1560a80103f99c740219110e7128c7a0fbc53286e982e86d2e01357c5c54148d3ed33b71f4096a3c4ae2c0c64d80dc5966183cc4b470a897d6b973b8b4f762192990dcc0ccb20b8d6742aa65e15e0b5bf1023de808a083b799492b40d7986006bb38f3377270ed9695a31960f562363f07a4c97de54dd4c55880adea3f101e0cc83d3a2bcc0345cb2e5f695ec41f2ff2c48904911604ef77044c8cfc5cac9555ec1fee2cb8b1858b162c51631faed2a58059abaa73b9a6336a7de116a3d6594dd164582bac0a3a971a8682384094ba9947b2ae73050206c65f10b05778c79e8788105d08ef701085cb14dbbf9956d001535c36dc028104352a3040b9605202df1a82527c08f814db0868577b8dd81b0306b93a8a2b173a993aaeede62251897c6621bbbc34e4037e0a84bcb277254d8f45c6003e3d61ec55ade62979c25b965938a96ed1b022e2a037dcdc5a1e81ef2e7232dda20ad1a62519764d7898940d3c4576370c19a5dfa4147c61b98d691958c81599f588485765f308eba1d7d070731c320098d834592e46e4d90131cb1d20696975461732acf7cb32ecdcbd43e30cae5cfb30d5827b788a894e2011bb996fee316f91adc0f5ae7328d44a860f606cdb2bcd18b29678200bf9e65e55e3b44aef1712c6a1b9ba8272e7b4628ab84062005923593a8ae8510aea69d03e7fe59e729d0194303d1b3ec92bc62d7aff00a972e2c58b173162c58b18fd46bb06cb10172993f04100fdd5ec081442c10f543f32de1843c6732a6a52d90624adb87ca8310d448798574c471b8e2de6a6958e3d570efcf2be209852c526560ec31d8625dac53823b949536385c116ee42c4e604aa40a12d602625cd914378811b2526309b36390ad160da9f0a221f94abfbb323f7bc588ccb0e81a28539202556266b214217b06e2b63d30bec214b1362478315a40885f752e03bc0166dcc50f5dcb562a039655ccf24e630281bc4159edd08dc4af277e89622c33c22980bae7b46ae58e6084780b887ef1a42f105da972e0cc469d23996a8c0005ac0949c8207d9e46df560183732cabf13cbc47811b99ed09dc7f345665d056cbf960ff129332569d9c7f2743be97162c58b1fa8029340b58a885fd86e77235fea4140300567bed8000a5adaa8b858a9ac35833de371c1b72c1ce5dfa4a8162f854ccd788c1cb1158541405a8fa717324bf108418b60c586a95354db09ee44769e9e87a20203da18ea7a61e0c17983f3050f341f7877185fb606ed9e481730eeca83c0878c5c44b8d132e12bb129ec82e4cac6b289c7505764aec27a11f0420c54255092e324c1b2792781171b22dcc30f5330733172427418cba6a015356b3f31ec3d503de1e500570110a75c5710ee4cdc4042894dea16958f13b7b3015de2622625de1f483770ce09a0201fcfb4a50ab2435e871f980e572f68a33821d9a8d045b2277957bd4aff00d513f4b72e3197fb4c9e6acfb84c7f767a864fc4ce6f152fa162c58b17ad674cac69b862ebc5f71845453b1fb977ed29e4a6afb8d446ab88c5257885c90c8e6238c78288fd6ec719400718e49524206f116553e00fee537de29d431342a5328450b64bf31ae65305c147441d7528799ddc7c495ec4af6958ac78a57b4a7694ed29da57b4a7694ed2b032b2b0129032b290e9e7c43c67a607b74a3b4f4c7a75ed19af68f4b55348c0d8c8b15e13d734dcb747aa3e536dc7bd30ee79b11d2dd6847315da3620e015eeca2853c7333d3076f78e44194fdd99978321053af32fb12c34a3db5c231f7f1e905602f366483d1677a99487537fa441b4526a7af781df100a08be09de0f6b6b01237c24a5b85de13d5808392cdc52aa77cbd7b4f23e59fbaefd13a19e53f14dc698c385e448a988947be25cb8c2c58bd1a6d20054b4b707abc45b616da1ed02087cef8d4156e0129ec4414b8d0a9f894f3cf2ee571cc4c3e20e0a725b1c85d8d8c5efae0d12e00af9802d540232e00f78edc2d1ac779407ebe7e884b4d6feaed150dc44caba19df50ef239626a1308e0c41a38e952a54a952a54afa3128944a254a95d3de67bccf782f79e49e687721df9e84f425bb12fd89e89e997e27b4ae8781d12a1788e7d6bf797e94a8aef1c771b455be605b670d5fa1cc7aa256fb0c6a771895579e204a98d993bc6e2de1862bd062dfb2fb2a328d9f653d9c8ee12d2ef9982533d17c46e036a7ec6071572168f5843922b7e571c767f11b76ee51e917b4cbcc652994e7c785112b1a90cbd089911b537d1ff55de31825e9af596fb605ea14fdc940a88fae9fc4b9719719a4865a597e5f9c8457ae5e9f187ca0a0003c4c2dc7098f50c0956421e9c3ccbb256f59f6844dd40d60c710b146c6cbda5f1f1e2f84791b78abde396acdadc44560b943de62b3c596fccedc5cf44caa8e8cf8a8b5e72b730e8882d31ca6283dc3001bc4a912ea38ae71b2476218c430c5b92565f68e35cb972e5cb972e5cb972fe8b972e5cb972e5cb972e5cb972e5cb97d172e5e6692b66c899be595998970cb01ccf188939c00cee6abde3740f8aaf6a030a6b00150591f03b41dba05ea2310976cdb502e68bc3b3de1818a1b6c7a8542776cbc4b9f5f12a80071a4229792fc4ae79ef50dcd5f89e2a3223515ef335c4ec4b069eb0d206d3e47bf88a46f069ed4fe9a27f5b12fff002a7e9bbc798f40994413d321fccd71ddd7b9f8631703502af62e3088d607b42796b88fee575cdb90faccae58f5117b73398d6307c412191501cb3ef99ce8bd0b7c4674a2dfc90549a882acecc64ffd48497da084b961f07881d80b153d21a2dbe0aaf78b725e7c422ac11863dca0aabb829670dbd3e626ed5062d5e254c59e9de580c784558b94d594ab3b253807bc49919965f28aca4b93c1316f765cb972e5cb972e5cb972e5cb972e5cb972e5cb972e5cb972e5cb972e5cb972e6460c4efa2aa2a0f7972a54ba787a7033611b1c41f2565777d65ea8d7f306fd6084bedef370065a2342251c3e49696b10c1f6906e5ea180e8edf9bf31a0d0976dab9584119470bd7acbdf9264ddafac30665cab9a9e5bf688c6394dfa08ea918535facc856bdd65c181e4745f73fcf4631966ba1f555f858e717690ecd63d985c42e5d07ab2914f3998bb0f136fbcac571d89ccede20fc7ac6f519956aa5c05d81e1eacb32fa7061c2f36acc45a0af145c2c80ef0811775b8552c6bcee5e406b90ab2fccb9f56697bbf1290cb915d2a86552ecc9af07b43c944d928131cc2db340c157dd822e292aa12f1089aad0c42856e641b860d222794d934c577707defa568d6562ee52726a10c316d4c04b972e5cb972fa5cb972e5cb972e5cb972e5cb972e5cb972e5cb972e5cb972e649ec4c54fd99b8b03b41970cb0085ac16b508c0cb2bfd6070858291c32ec203c423511cc5616e81aba59c2c1a8582f15650d45281e19436b3c89f78281be05d97e9de6d7082029cd405acb373f69589c47a563c47655bd04a641e17f6bbccc97ad6a5e7aa53bca779e47c4f23f13eebf96388c7a2ee53d910c14514612150698153d6afed31792fc43375995b7411f1e3664fc4bbad06126d97db44375393b3985546af552973ecdfcf69a3147220dc07a1e9685baf684f90342a8704fb9a77afe616c0a057c41eb796e315534bc59603830e6526628ac560657b706622a15e4e5f79454fbebef03203fd0f133a1896d8bb6e7048a18aa99586470cb98d4c62541cc55ef2180972e5cb972fa5c6844e2e247732c01675b972e5ccf68d23e708065cb972e5cb972e5f4b97066eec4c026b7f611aa53df114f3107860cde1d160ef314f939628bc9eb0aab1fc90b839c566a5484e27b42136a8de5b99a06ae5c25d545b6f24a281d5ddb5bcc038b7bb02bbf4556e650988c202a5037b62cfc42dd4c19a5a8b5b3d8b5fd4b0b5b54279ef0b71f89e261c0304e53fc69fe24ff3a7f993efbf96318f4282843c243d5a1ef19b63700d6e11b50bf32b847204b93169303d596eef8fe48add76ab63e06a28dc3689acd19accc38d4cb286ebd671d493434dd4280cb2611f31aa925ad0ba0f626c7709c81ce7bc50b16eab24dff105361a1a47a7246a243c68838f145fb45346d9099109553da242265a832ad434c872cbe91dd4b584fe0cb76ecc43da0b330bdf11037310b06c36f7951ee6a051860861e85c33da569e08e83b1d2e5cb972e5c32d1d3dc48270432898e9d6b2b9a0e1d23329a44e82d8004491b64ec0f482b80e5150b09b195aa5cb972e5cb972e5cb970d79b330b3c66669ca654c333b5f98b331323eb6cb8c101502d89a5582fb305852da1df884099eee00bdc02c2a474909527414f76062caad169e58652a28198c959bde656dcb30cdc58b2ea05ff51eedf2aa11495d865f01dbccdc1a2c2fbc6cc14405e4604edf305b687377be6f9bdf0db6f7ff005302af77fa9e57ede27de3f2c77189d02e534da6d111c7b554a50e636ff50241eb27c22540e5408a9ec7f31885800f351d440345982c80405838eb70216b3e314e55969fa70b116cfc46cc180e55758ef1b85e0974e1832eca04aa69066c6209c267a5fde6eda5db9a7b5b981e0da8d629bc7ac0868aaf0f7c7f3173a974c1d2335a8f888a705847661a9a4b2663378883361322cda2806af3701d7b8b072cb45cfee83f1f023868c67ed1e519a53e4475b906d89778bed1d9f32e5cb972e5cb964b9b98c8335815894c745d13f32ae7114bb61a2e5eb7a78e5135d1be1ec0e13319940cb972e5cb972e5cb972a1d896072cbdbc1f98c091b438418793a1554ae494aa47bdac1e4470b0c07bb04689896699635173730976f623176aed1a6b52c0f332e58eb337b980cea00c03c6f5314a4b3800f497a63c7ac4ed1c7a70ef033d40710436f94fd8e7deff0032e3d2a3de68a6aa0651157016fda77429b3facc4c2fdea0bdfc4a47500010345f9c7de2910b81168357edf79b779190b36deabf995a8d5cd117888c44068f04ad81b7d81aaed01887765b9c3733ccb3b01bbecfa4c2b9ca3261f487848bb152370964be44cc01b7b45910e439f999d0ad941efa95ab7b769f389ebc805a435d02c781606e779860ca54b0134e83c799df7b9ef108f22f11a0cb8732d469c417dbb861ad39615ced715daf3d2fa5cb970ca12a1e654107526210cc0a89de12448750ab05a068987ac044c4c1a952122da4b972e5cb972e5cb86877624be8e69f741579a45bb8eb7945d6a63dd798013bab88aa7191bcd8a33496d1bacdaa4ac246422ac8e7d51c41a581c9de0890ca4b262d8429eb3cb71d63a5b7594a65fccadbac1797a1cc7aebe2c7e7ed1ec6d795e59e280e58277f288b4f9a198f8110fe89b60f92247117d8949aa82389e2fb45f27f32e2f455333cf37a3de23b301607aa1f58d7143302d055de2e63390a39316ea02a41015451dc7c12d74152eb56dbec105604105b6a87ccab9b065b4147dd61876288940c61842b01645aed15ff0025eafd91997ddfe23ebda6907cc450025141add44d0968a145037ab08f58facf9cafda17db9d6cf8d7bcc5aae7b7e81370b4b68c1f10b2e3357a7ec1d19ef024f9a9804e280685019e9147a454ce0d21a1b1cfa45c1832b737157412d6529ccfb4a9a75be972e162181d8831f41c74aa6c0b1c476d4143d0183103a3a870cb4fba1f46624b972e5cb972e5cb86bf6cc603a737c41ee960e4a332d83b6e09b4b84e254eb8676c0a9ef0175b55304308ad43a06ddfa4a88761209b97ddea2a213f63c7f50936365df8886b3705469827199752ac57046e62cb7dbbc1880695fb315b773c3d0e25db267d63b4f1446b28931bed32d2de846c02181ed07b5220de5107322f020fb04fd04fd177eaa116e1ab8242890a0efcb10714c201cf9650308339387d6a13788dab1718f15168b04d185c1e944317676ba2833eb1142cb01500c3ef9ccaf84005b69914317e2688b9bb13d233c5e2ac502bbdbb2abc2ee291670e5061ef17563da5d1a65767da508a7c69404a8b41afbee5e458ef0b93a8545dbb240151011a854efd18a81c372be1644b02a09d3ab01c77956366cf0f69f762d72b2e6516aa5e4a80c6f2d9a39cd5c543bb2fa5cb972e5cbdb998f30e3a0d7475364c17930d5f11845101886692e5cbe8f2aa66520e25cb972e5f9972e5cf13432a576d3d65121d6dc5a5456c570dcb51a647e6204657043eee893b661a0743eb2a9865c5328473dfb4bbcba0ed58a59ba4ff000f694f6663a2739dafacbc2868bf10cdc6a6e7afde52eafd6507a37e23da9b6ee1e2ecb177eafe350281a4b12fe65d94e25aa4a869c13045a6cf763369ef156c7bc4e63f78a347cd0670be61a09efd18be6fe654c35b8b70c83cc612c9b68ca414e750af27efac01a028e0b67b4a635b42e1694140286ca747c79f7965b214001e6b715a1f1acbf2a21582db01daf8632be5215fc4e18286bed296a1e5a1eab324798bf9620cd1c357ea4559e187ba738f9972451b85574ef3544170415540cb1c3d261da02d85c9858a05c0c210d90db70d97351abd047f32b7c530a8642bb2c7c3344300a1704ac56e007b768abb22e5cb972e5cbe83d220c10e3a0d74751e267edc34f499ee64a1e852e5cbe8a8771260bb23ef161e92e5cb97f4fae5a9a329c6699f38198ec11d6ee5235a52d8a84691b1f3180d1cfd87fccbbd798b95666097928567d8cb1ddc414cfacf13705cdc153cccbc6c8303405772a5c19e272650e547b1da6c6d5586324d34b2fa3fb8a7b20b76ff001334cf2b608f30ab12dde12f1a07287e654c28cd0f99ff00a8463807bc6dfec8f67de94f01e16793f2c1e117f9825807a03e65aa43c196129e344d897102032aaf32f1bc319be2fc4babb6177878951c22de305554a708457e10c5c2de8fb4b119c58063456e70a91c92b7b2f0d6a1af79347a4be5c70c1f13056da858aa3e08004c02172625f7ad02fb3a8c334a07d26be8ba3881534e53bf4da094a106c35ef0654ce20d5c4558b180f2a1533279e5de001c674d4b69cc3eff00e09b988fb473db025de0c4b972e5cb973207999de710e09a450617da28f11fa70958a26599e66bd0a5cb831d4da2d0f9c78fa4b97d2e5cb972e7bc4cc633d6cf884b5783f1d1487947298b728a86a2b8685773fd32c9e5506a0dc217c660b2c095aed34202bdbe872cc53362ff004f898e77053bf681051856503bbc4b5c062ec9e5efe25dea3fa312a66799a6130228a02afb209f9129e2fa315cdf11fd268e61a19fed3503f59946606d25463de9feec46d851ef10eecf6999185d22920273e22b21873e7b4c0ae81a3299b8db029d2402947a6bcb1ad1b032fe51bb7fc0c6e03df97a1cc454cf387c27b1cba2656f9dc1998eea6511ec4c1128c4690e47cc4a1df3cfac38edb8d01de1f185102f881cc0a0226c66dd06e561b0cc05bc1a83724a6b3d33191543facf1742522d55fe98c2928136d04b5860b4a38aa970eecb972e5cb97050f31d77ccd0ea2616e96fb1072e6c62bccce6e6a1709e18e2a2e29030228e21358a0e20b75adda3bf647850ba74f59739c6bea062e23fb4573bbfcc3012e5cb972e5cb8b89e301050e5fb203b219ae565cb897aaab8a636fed51cc3c5432ba8205b2e7721063407a115cc062fbca703abf88e63a7a716c1e84288e91b1ed003b55df1bc93005795a6eac054544595b76bccf1e3f1f45833d03996cbefa808fe930dfdea7247c4d27ec74a5c8502fe18a9bc09ef381f24ff00622d0a915ef2af8fba5b8182ad877aabf2d1054f78b57b3b4a0a05576a5aa5f1acf882109df5111e60de03e6332a94a323cb1928775b99bcca953312d753d926032b17d4630693ddc42332cd8a39251a802ff061873b23e96647fe2060085b9422c800e6a0724d6b882701ef069c4365b3c150d1ec92e93363e8b972e670dc799a9d19a1de5ebb1638793e65f01a2f6ef1843c3032bd662be27a9561b9540eef428a50b3ea8f44594823c783c456a8aa6c0fee50c122682c43c9165a9c8c397bb7f55cb973c9409ac4cc14b57bcadb240fa1060c178993f2c612c5beec48e65c4c2708672f71d2ea582c1d9e0805a188faf29701ef31f43bee06eddf8871fcca663eb344a9c4d756db594e944bf850373f0cc99f8265bfb32c205fbc1bfb206f45a5ad4c6fb22d8b456a0659bbd26e21d7d9aa3e665b38cca354b45b0372dc1ba727d4ed2d486ee7162a130ad664ea589086c51ce9a94ef84cecaa55d3293412f231624b195568243e93844806ad86c4a3881a44a6a13055847a389ef098a72c2612b286a0c1b6d4399581f13c49e042608449e0e827d4647c118ab4b795b99feaef29773f74278d13f6948fbc59c7f3cd098a184b64092397411459b8403401070456eda32c6fb972d7c8a7bcacbed2e5cb972e5cb971d5c65399dd413e332ad615157ea745c4d92b33719413b6603d8747502e7fe2cb0fba58ea347509f44248c9d1308138e970730dca3bbc46d7d61354e39f5121a601e086cc7876fa4aff00cb3fc463db4a7b0bbf862b6cdb80941abbaf47ba26006e863a0a662625af71fbc2e6e2b66d2ba0e1150778abe8f2b0802709ecc0c5e60084e954dcc638cb25833745454f41c266dece7a825a2ed14a186c84bd0095ab38c9651e0203359fad589f39311d06694d1d2c0a287551f0940e69d5631686e629948b9269f43133e1cca337095c396887bb7fc12d45fdb12aa5cb972e5cb972edb88d3301474b8af0a460984315b9ccbe9412a06eae2e3e0b4c4b5f83ab14c09eb2e84ae0d2a0427c117c1306094c7192ca06607895e25cbe9c4d885f618d1d637b269af844bd9f18bb97c628853b3993253b833fda6006955fd99ea5debfdc50afb1fee52717a7fb836fdaf9809fc5fee3ff009dfee7ed5fcc3f7afccffc77fb893f83fdc7f6efccc9fadf306fdafbcd57c5fee0028fa7fb99dab56865e25877e79788648d708f0cb8dc6fd07d2ab80a702d960db897c3c7429d394f60fab2c622927884e03166dfdde63bff004bd62929fdde672c1ac8fe605862a9903a38dd11dc2f7897088479906968a109142d1980e81196903d3ae55657c3463ef28ee32984d5197913421985bc4477898030804ea2019cd0f594a7001f04f343d83a5cb972e5f4e6f8cd870210c77a8b4307b0be763d980181fdc72fd5f33c3fbbcc1b47eaf32a7f57de3cd7eaf58047e43fb981c6c019f9994bcb99acd4b4699c3b73109120b21191711ca7b4bffac94b1f090c7f091c4f500fee5e35ec1fdc1bafdde6087f57f705e7e2fee701f8bfb8273f07f73b9f13fb887f4bfb9677f13fb8720f67f704ff0047f73fa65fdca3fa9fdcb9e1f47f72f145e6bfb2286a23fc87fba3b9fa5e625dce88157425431388f5598b19b88246de6677de5cbcd84b4304e8f607fb80977e6225fcc6d2de83b99c7bcf76707209e4407aaeecff00c65ce21acb0897c4314221a06d4439c214a456ade654a96dd04e641e26d97bf47308d598d0d47d238730f2b8712fdb8e86f45bf723701d9f25e1e8bcaeadd76fbb2c1e58e10699935b573093191f88c0b0e948085ede8874b7276a5ca92fd45fa7ee5c6687bcceb965b9d3b74147ce63a5e7139790fb08f9da8e52820f11542b1882033a9852be12564a26f28444b1d912c6536fb78855ab602d5a6df3da2bb4ab0abbca1cc71a2a11600458e238aa0a36c057174408f2cc32842f99752906dc4c9b6a20e5946a3a2ea2fa6a56212e1b9b8e23d0dc0526f9876116f308601ea4ca39a10c2189a85d096b0244b017a9342c7612e25cf5762221fcec2fe90288cac77e103a12613b3f88dca183b1383a3b2b22588571500a93cdb9800625586e1b662dab3f35350bc5cd163c1324fb90217135689531028d9cb87d9caa79c820cfb62a5e14e3a149a84409af78bb22d57e188e0318a0094a139da50e4a6314b49511570d4c72c43be2337a452ea9c1d32bc76bd9b474f01f13d3a06288b242d505b1f7f19c043cb6ea6878965e91f822ff00ed03d2a1b70cf2c01020daca42254c6b202834f80949d3bf422509861bb8d0f11a02240b433060253963461800dca0b5988b504bce61f0c2ef12c1415f32cd1059432b11f589c45a658e3378836c78a2a5bb4d43e8698e5e859cf45126f99611ca899202d798a4ecd0edde0ecf784c6a0094ea7dde08671f04d007b44bcea54f5f9651474c0540db1f11551ce19151dbde1b2eec15176118b5e8103695e60394982731711584c083182bbe5082007a13090a20ce914b6510f627d210182335b4d6f9ed1702e2049a562302986f7f31578ef2e6bbe6384c1b88a2a39c3fd9d16852ba31ccb080a5b9cc0a289655c1a94b0426031189bcc100d1d4593bbd334553af7c4b10da06603dfa597303ccf30306da24dce381371cde2e30194d11b643995166bf49620963532d6ac07982b32266622254ac5c4032e5de626cb18705ca1dbd672df11d48ae22bbc65f389398c2996e65e62f696caef19c473026582480a836084503119e63dd1cb113b40942b96d8625253e7f0618a587994b701370980c44ce33bcb80961dcd8a5816e61b2f172ef4c86bcf6864b59161760fa328a51f5836644508c637963a9e788b9908e8c00954a36c25dccb996c1cc256621dc38203a59de545d9e1815495d032d7b4c09a65e5bf689e08a19e7afcaf58e77a5d56876b8daaf67f2c3c662db453684f31d00a4a1ab82d5f41bf167a551bfe561b6a661380665c54135500817718b4d82a004a5772511a4c255d038e5c6e6aa0168e5ed0010b0897887a56c5632b1189ab2e65e2d8577409b2371663514372a72ca5b88e331b47b92eede972e5cb9aeae65667a4124190b10d88f6c17962c6dc6540d265466619c372ed15fb55e58706f2f5281c77d436c1f4659ccbb996ea0996fb085baf2eab8856b7dcca038dbd3d4454dbd027a1523f231e023df2aa26a3e361757a3a849b3e4948035b747a4f040b2ef3de5ca84a4e6566e64662a55891c309e6042b639c23c419dc431a14ef00bf698ce8545889e1b3b300d3ee4438222e9f12efb04226b0111a625d46e5953a1990f55c36dec74a8ae553d266d0014f2e638dc4858cdee625e4ce1219600d0c608afce3c3d8430ea15cfa1b96a6d6e544b4993a914b058290e6b60be65b68999b41706222e21274ab2fa7bc60f5ae972f1d19513020a2d461d88bde363132b031982598acacb85684ef26b13c82dbf9940adca7a3c91ea8bc3897343e66e471e62f446eeef78c170653770efcf4a795f6a762eed9d91708d1816dec45e40772e1bf8482d23d0a8a4284af70027af31d2e50195994accccab156860ec0c5f5501b31d84b0958604d4a9aea09ef292e8615504ef10596768dd20cf13302df7a55bf8bb8fce239e4403dd094a2883d60e11e7e8193bb52f118ae03e508d54c3e25c86769a815e228154ea64ae22e62d62a2082527827a10430e82db2ff60683bcbc0685c3185e1bdc3d22254e98aa32b03bb15fe057bcc86f1282ea5b2cf4197d712e0df4d4cb29816c45987389638cc6dccf92599eb353696115752a730348b58d606cbb96a605f5c6185c458cc0ccdd51e77d86b0431db0c099ad8ee0a5a5c568a7ac56fbaf7d85d036b531c1653509ddc21ab20dfe1178a13caaa7ba89c7540a866a8f30f05566a0961c2def1ed36b965a697da2f6c573812296ba4a3ca28d8c65952d7b40b40300554ed1cd3861ecd1f104c07d4856c3c4579b230ee1d2f71c4ccb02e591c23bfa06879ccc5cd82c4f6855fb5f10f488995132d6f3068344d3f9a96d116607637d19a45be8634755dd9767051e4ea7d329ccacdc16a025a91dee0ef0da36454def27b419fd1732c095d574c5edd6b3025a5667110e25d2cc12d6517184e61b711344019276e2ab09d916eb4ca2006d77392185506ced29330121cdfd256c7adcfb4311ef140c0e7821472a8b67f95800bacd109c09a8c30972aee1ab8516e2e15e732df38eb9d704d396f760b22632b07a945db31953b21826b0cad683e2247799ac61e53d5d19eea02c88ee09c0d9e264ccc73e83066d1f7476a1e421ca153f699502daaab70814358336035de6b18a54c71c2397e8341e2022f199c947b3b6a220d9882472848750a2778b8e239978e80870be8788e22929e86e153b6f0725688711a3b8a3728984ec4133d359982b2ec3af544a713227a4de02d3965ca603bcd458b3329b95de57405711560f38e831618a8dc0ccd7409a8988402983c22c5b899874316628c48028b762122a187bfac54f00ac61585f7961b96f300da12db05bde5f3eb69953921d86df12ec00d88e22d6b5db1043270072cda0f6df11ee58064d7133865609466921318ba76c405505b032c9e8be3ef28656f694a01d337442304588b1609e37b50dcc8193b92ca31cc6398cdc1b981ef29de57bc406e21c47c90f3f132c0895c91c2b33bc22da7c4ac237aae65542dee666a5574f12e058ecc6952352e1c45fa0583bb35884f357bed07226bf94312e407e19634fb93123d84caf3d1c9ed165d523632d91841c3dfa5d4549e571b1e664121c900001df987f4b0c573ca88597baca3646d6565c660b5c415e0589499bfca3bf658aab5053266f12cd1c45cca7a541399a9c04eec0f341f40d422b32bbcac4a782e70b8945e609625d18654c0945741564cf5a83d61b5c709d98680078731c52deeea26d03cce43cd45af76083de58d2d4e2502c7ba89d4190e08f5c7d98dd81e8c1e0534add7440232b06ee2621cee17ba0961fcd4747de52e395611a37de02b416c1393c42828c12e7371a6519506c95a4e927c904992ce4495f0fc533f91e25ccc43980730ee43b93cd2cf316f32ef306f99cfa3dc8fba2f997b815a688e83c4df988661e87653b32895f9208a595f40be8617b21eecc902dbef2aacca6b6a72a98b2de8778220b47130476619f154a14614d184e4952b784b54688bc130ca0134ccde6391f11f9601b8a153293981755d9d91f0c0141196d1111a73512c52a26180e2625972f3510a0e62fb273198e9475c459ccb60373d12b1031886598b5a80acc9a32f68421825ef298d15a88b6a0c3a6633429e90acb72ef5a8e96e883d3e61b5bbcf7e061ef16e1acc32ae664146a0fbcfa10841565f6a28348dad547445707ab902ab7acbc55dc41a96c2ec89e012c4637a768210df31ea2018df7972e5cb972e6023cc21322d76788f42d0395e3c4d69015358c43c57dc84e7da9c75c4394f221d9623867091ae9955a7acad5fa0874739df80472d053c0d7888681206dfb315a625c146c69f134b73b303f909dbef99b45ef064f63a667cd95dc08a24e7cefde50250e1d90b2ecf338e1ef1af0d7accc643826a40d9051f54fc986bdc960779828f101743b80e820e18198a69844039940dcac7328045acb50d287b9034b4dd45cb31582eb91945e56bb653831c452ddd42f41597868429528e20bc84c5989602ea2661708b69c4c39e82ab8f08245851e6574b79f10ff00114473f47465b8786a54404cc2ba8ddc6db87983a99eeccdde6516b6396baef0617ed102be182a6387eb94b5591de37dc05cb1b015db6c657d3c4288db98f8478bef32b8dc1e10a6661b84bac416ddb1391ad45ec2c01a25f45cb972e504cb06de49860c7e30459dcf6f68d02cc5f2fea30b1e92cea01d841f8413a138935e810baa64294130bcb1ddf9799695f4982ec20081d03820a54b971a1496799de4f13434222b04f597d05a29ef13b9c02fa2e68d5d795a86285547b479b878ae20bc1870c6299e7289fed4d901ddd454970e04593c841e11497177274ac1a60add6cc23f745e61c41b9424ae5305c27bc7d31431d04d3806fb222c4b49eed452b0d2115341889b81742d631428730678b84b8bde6d89662a5ae16deec045f32bbe596d18884a83443393775dd2ede8a55b0ec9a7f1299d7bbdcc20018ee66e56d60ab3d0c9b9ba600c32f7799e6bd6e03c05e62bc09d9e26d93da23584a3b9ed1e95443466385a4ef50a7336c3088ad5b19d099ae2e282596a09dc106244b4c513700bb8c2158f76666af76521e845f45cb972e5cc10ab2c41e6119a61ecf1053a4a49b330ea5eeac6241a3248a0fa2c286c7b0c1f9ceed02581e0227e4e0b3f68006358e1c286b091f1228f1e60736efbcef052e5cb972e5cb880c07d67134f88bfdf3bb3d22d45218a9fa405baa8f15965043e50477045cc35dc3e5004db955ba1982761ef2bf3a9d3f2ccc7091941e921648bc4d74b3a1e23228794ae09e095992186760427bc6012728d1b026d229c44d521075288012bbb2af50b6e357b98d1295d329ecd411fee5bb90ab9621477d18304bbc8587905e2402a8600959096dc238cb323538c1b3d4bf11396222c472989e426585a83b30cf12a6d772883a83abb8b4dc45b600625ded2adb3891714b2af898711f486c0c344344fb0985a3483918d4ba74cb972e5cbea1ab2c2a63866528d6ff1030e88890d6f23849f221053edc620fd970172f22ae10d4b00b1680e66400ad5e1dba432e5cb972e5cb972e5ca042a5029166dedc12a328b99698cd077990522d46951451d989c83f1dc4ec66bd102bcbd233ec344a03b8cec4300cf3cf34384130ddc6d28ca6c2359d8e231721d546d9bcc536e3b4c788721502198734678e233d40b1706ebf78ee373de16e2f12b633c12a154778d1819c82abde6198d8200b9e900e63ae350019635c60112d1b2e2585e60edc16e372e2b2ebcc18344bc6201dc019225546d02d3851577d1ca20972958e5ba940f31087284d0778341d1406c8959ec4b97d4b8a2a650ca21de5487e648630e1e61d2f5ba7de086a604cd98446820037131af37e6575304b972e5cb972e5cb973d4084aac7682d347c41328ae82fab7014ba804c89719602e16a1726a0085b09acc1bcd664cc4c750eba9d3dc99430d79229444750e76da662f4b5c3219cc40dc012d03961d004b1bedf696b5178022218044f2cdb2b1252e5e771cb100a6501165ce2620626096704c32cb2514bde64e770b6e191500ab1a2967504cb28608db6ee5a5c4708abad4daf98b6079b9641324cc08198363ceb300ee7316151cf13ee47bd446e556e5ca568e6526f64aed04f0c30ca328ce65642b99887dfe90d0971e252769caf1179526b01c2034c14a4407213289ac0bcf244227b0a60a0398401a2610b6c10010c2500b75877ff50d062b15da00817840ba4832e5cb972e5cb972add9b9cca15cb4fbe222c6ea7c188959cd4b09658ab32d5640ddea0acb1029c4c32999f9970e0308cf4408d92cda323532a6e13712e92525b05cc27f423b5ec61f7983705c93de67a1e04a4e560e7d61e38a0392186f33330768d067731515702fa18265952b12a00a9658260e6622cb817d3a4a80f10e729a445843a696132870d4d732845b63da477777454a0ab85cd875110d8e20229bb3aaa60cc1896bcc2cc7043512db0b95a0b9ec417a6a6627bc6a9340474fc15ff20024db2be084c99531a61e604334612fd65dd42f061b88a30910d31dd91f7886169ecc0bc902d880d4b5a20a25f29b7dd844c268ac101d803c4bba09ebd02e16074a039bf58bc0fa4da5902321972fa2fa8850db267c6662ba6cfbe63557c4b8cb183de782a2ded98057b8b8b1015c31e44214377ac3002f12e41d9f3eb1da1ee28b8878b484dae1d87b9351ee2704e172bd465403ee1066a08979d7bc0656a379b709932a62a09d4a04c998128e8989a238ae656446d32ca6574a85e0025c2f288c7c1c4bbb8db1b67a2a88988e23d0de1957ed297a4e998ea2bc43924a103c58031c1596e0970e2143f11301ed1c4bde65f97eb031db106b31e44be8cc10938d8561b88725ff00708624560650c0ec2e6498ed2b2d5a4f859994bee96aa7000af585eaed2f45aa884d01999b2999aa7720e69832fa0a6949bac263ee9f3d172eeed0e8eb3653d5a95ffce4263ef899b2871b97352d5a6e65cb9302a5c8ce7de982380f310e8f488abbcc79838ac215315d2c8086e195980804293a4668076f88353caf765eaf445b5962b2e6f510d410428cae9825e23d305d2e66eddca975d43381372aa55caa264e21bc315025304b4954e612a2350a026e2dea0f894b14d4c98d4c575896a288ae258c900df4029612b217ac010b6c5a8e2f100180f5981a183843620ef529b2a5cb92de16629e3e90c76c7b665b65cb972e5e25aa6a5e862980884b4963d930aab9f47cc0ac8f10811d79b8d7467f422b7532aca4a94f24b7999f50e207b9325fcc979a772e5cb97394b3b300c34f696ae52c549f1318c183ded844bc40da172aa8a8b0eecae6c3c32f39611ae2a7763163f022369594d6218cdcbdde01c30d50fcb1830c4ae41e1943749dd35519e063a4d4cdb57c4c5581e23b98b925eaa55c2f8e600c1f69197761dab53397631ba96e84b971972ce84112e16994d209a0c3705e505b006eb0730261cc21d43c663982a9c6087ba16e2dc456a3016c6a431043ab6144288e04a495d08b188ab99762865dc04a5877083813e2705481143c5c056a305c4206770855b9627bf625fe2c75318ae3e817f480186278e228094c26e0d5b812c23d165ce6df5601c4aa24f32e77338a2e831d06615dc46b25f712e5cb972eb26e2a5b0dc74e1b1727c4512e2f647546c608f237273b6d82764173a94468d4b7a5d47b60bbcbc11cc1d85c134c59cc7bd2ce65fbc57796799ce6309835b9aee22a6088d3511659788168fc4a867735d38972e2cbea89a4c17c4278a625e3312d5b748ada2d66063832e3cc40ca20bad5b63da2a4ddee057245e1c94cc4b104d52ad4b098b8486055c579d3a6503bc0ed0330462dc1285c81c86a5c038842604733f341166ae028ca0436ca979b8dc777a2d2fe8172fa97d41addf41372947301e49669205c93bcc3150ea66f40e81825cb972eca7502d85ed1ba052712e5ca17808001a0a86b682bd89472f143e56e0127344bae8a6141de2da47e8bb7a6a733095cc4be8628395566a54c5b7a61d1706598f318ba8b98d33de25e661a96c25748b0a9f640f196789b5eaa2dc5cad0a810e8d5421c312faef00505c40baaa84ca2a88e3685c9281b83713d3acde302c54f145a6d1d8cbccabcc5714dfa1f48ed8f083ccda2475aa0350e6188b6a18adab063ddda19009c7042e74bbb241fdcdc30e8bfa42e5fd40b819b71997853989de5fbc5bccb30560e963cc1ad4be8bfa06618e0cac34cb992e4fb08034d329069a1eae21a86517e02a576f492e61752f31732e6d9a66fadcbed0015434c0294145cbcf52ee1068979f12f1a8f42e5c73d0798055dadc78051cb2b499c5c4edd29c744b9a581897b34409a97112b112a5c60a1d1103597294110e7735a9c609ed2cc14bcf2816f703820e19facc1e90d8666ccf897d5511ae866aa2b962650b403715c5277a37da1159e2e142651b8aebe310f43b4ba5af897298eccb5be8e48aaa08f987d405f52e5f400d09b18519694c1741d8fcc0692fea05cb97283ec7b457b3f331c6f984768577937f32fe296bdd98215a8c05ed2b5f61dca82d4b6530195de5f6e8e65cd4b2fa37cf4b25cba963781b8c15666a60f45c59772fabd2d699c557da207a7011dc423ad60050d3980f018b7a8b33d0ce32521218923aabb8dadccdcc4842094103b1136a82e653b824b21a988b92ee2dc55c4a9996dd45a6a7652c907dfa43bbe113da34aa968f92002a32af044f7056118c60f48f697485f897080eccb4b53b9155415e49ea97ff100d8114d749e5010068ea5fd02fa2e5f506977c31c553674089b551f6201e5603da54c2b51b09bb976a4e280f8944b3a328b2ea692e06d0d6106d8ebadf428357397919cb377da84be9c435d6a540e8324a82427133a6a61b4974465a02314cb54180cc0e4ca4a12fc4d9e25d85d94130dc03030cb4bb4b444e23bb764bcaa886a10d4ccc106f104da12865b8ea72779660c7a4b3504d402a20eba08c5391550b59abe093459228d2760402fd118918c7a1b5ea04be51f883c8be19b013be51574cbc9ff0060005cbfa8172fe815af2963a81cc292fbb71da1c12e6364ac65cb46752e712f3d2e5cbb811c3d159d0a5f5b961916bc414b982fb4bb1bacfaca84aa654ac4aa23f4163a32c618510252f73d06b1334c4c09476967a7481db30ec338f496b7a455ced988485a712eb532cc9cc12e2360ac42bf066529698803980c089c623e732c70454012e5c6cf3049684141a7b086824d005ab11c4ee3ccc227985443d4d832fd21e16400524f6418b2999a1c4d661c32e50bcc62f2f6803649e18918c6648457ae13283706d2f88da51de15549ea216d3d4be8bff9002e5cb97d4f4593465c726fa52110c91628319cdca94af8895a89f7955b9537399788b2e5c19a7d1b9502a567a066e5471d0959a20a5d44d8541cf4691204082b965fde511251e9d659e26328405cb2235882ca99b7c4682712c089b730ca2427704054066304b8ad2e57b658c0dc0d4c9a2ca88b553116807b6d82d5bd926bc725ea0dedd1545b7949a51e81822e87b8c214d5d9237679ce98747ad02904772657c46ebec2a98ea3ca8c5bfeb35d43bcb95e6c26b41ece2142d09e2246319934c1abd509a16fba9c65f11b6077ca59a0af27ff000800063fc040a1d854265a33f12fed161eea57774edf2f32e5e73a81256b9bed290d71e22ccb975d17e816a2fd019874e678971dc60f4016ee25b575105a53c4b85b208254a61020a8a8a713c93cd954aa587111d46f9891ee947689c4b30b883724a1b9dae226347128c9e63b605b994dde2288e58e68e6319194f6a2f753c472609dff00a84833eee08ec4ec4a186a09b204731af8655041ca0968770b820d8b558679e0d6e571de06188831ee627a611798de8ed5280550ecca06c7b868ca5c61a37f898663c97f683d782fe4432d3cb13bf1ccd430cf4977a9ad3de6f59f489d0e82c1680f24d0b7e50392f08b9b01ce52cd32f2543b3fe8003978ca3b9982ac0fb4e0411ee07f72ae933b7097d0faa3e259eb5efd2e732e5cb95881984654aebc4e23a97f4730b2bbb02d168c456d284359d712eef0ccd2bb44a9502cc4cc1e18b0383a2f889cc61ce30c5d97494ef107ac49a25d7515a32eed8d311ec9958ae1de1ca588869b8d4b8206a12f48572a615fd2513667b114bb6d777309f89ac5f484d8f059c452c1ccb95c38a84fbf3711bba9b97b2cf658852a0e079425868e46099aec77752bbc6e6b8b34f69cc602cf832e4876ca2dab2d50cb00203b2d620a4e2cfc4d40bb69fb40348f62c8553cf187e666407bb8ad93c46b90e62c525e49a821d08420a7308a09ee4be50eea1ad01c1161721ce512e98f242da65cbfa81e58de9b5e407bb3cd2e7bb282965915ae972e292f32be3a540958952a0621a8c66fade65e62e7eab7bd2f7d60702a04294950b8e1eb0409f49630430e623de52de6fa6c8f8c61841b80304ec915512c61c22899cc483d371dc439a62b57170afaa58dac72e09421dad3e66d8376cbf32dda7b962aaa9e5b86960f3507c7a86dc9e8104dafd8894b2f570738da5ccae287b4b5e800944dc68e48bf15a6664676712a103da7c3846d7e6dccbcc1de31a45df886508e05d4a2dbd58a521e10e65221792045359d2c4164ef2b831a8acb4a84b626995f284133c85be128cee83298641cb63e66f11c5e666517752f9b8ed1c537302698f241333de1084210521f575dc968a1e5896483db096f7039ca25d31d921f407ac1074416cebef44c5948d3cd66553bf24797a56e54acc224d204a95d388418ee2cbed2efe9be80c0c4560e8e614abc663509a61fce6625d04c5ae206ef52f1b98b88acf26e34b66165a1b44f1c4e229e62e331ec8c2a5ae5bbca066d820804cc88cb98b8547998945e086ac52c0cb112f43cc46d27bb3614bb906956ca7c40837c891e22bdea2ee6919b8decd4614034303655184825e006e1c88ae9c98cca0e751b6415d56e0a6a47615af2f11db2c5275161401da263b7818c5b1c830c6a503552b5b0eb996360f742cb51d9d454a85cb940cbd743a9454f87061d54392e513b505291015f1ac4ab0382f303b64ee6639a6a6719771afc4a4ae79094003e87e66612e0e236206f28b8aafa34be4cf663cda873947aae78422d9ef330e8420bde0356fdc99663ca6501edb4dd23be5155455e4a9df848d4b8bc0befff00884e2051d11dc3243281d159eb58eb72e5c33d0498316be9a604ae973029c40c8dcd372b6476470c65037285594d54d6836798dd4a01efb8ab138bbcb77e941cf452188b114dc44c989a950afb8730c43317000f58a52760432bba36c122879d43a807825a643150ebee46d51e18ed761de055fb54c6256dd917828fb918008958c4e4231ec83900778cd364cb85c6ebf08cb455ec18307c244066da8a477a808451780e229d96cdc5932f98103e0435b8bb041a56697a8b201470ea1119e61895404eef983c94f309589e9253226cee8694039d2131078acccc83d821cc4382e608fbb34741d21eb89648c521027222ab27168e20f817f788d39ce498747d096201e69125f1e8da80e1dc56b039098047d842afd21e8421d2dadcfbf810c93000e262de2703a1f4c9fcc74e383182e972e5f5bccb97d6f30e2d971c33059c74ae9599508e66895821d02d8c06c9ea233e2155ed38c57a4698b72c5e264ae65ccb271c7625e679a7920f2c08314ea228fea3f088a8b1446c07885cf70839658b57cea11464c12e5cbea2899a61e8cbf11ddbc0c0949d9d31ff00510c108142020375b2e51eb822d3a264658557796c8894db72c44434ace0332e92fdc84d088ba4dcd4e774dfedd8bc4ab220ed1939229a42b182aa1a95a2c0895738e4cb5b52f9d4304414100c03b65331d0513df11cb3a332f882306c4025e1cc3a15723518036d2ee6699df152f42ed827a6487301f4036436dcf77304b47799821e944356c3ce92e7a08a45681f7cbe63b69df2203579e165a17706e55d965ca63ccb5555c84c464ed03dfa63f4ba7eb2fb2c207d69fc4df314b82db2e5cd74b97f45cbb81346222b98dbc31ae66cd4a630e840be27a202aa5472e61e6e54cb6ac77d86e7dcc58b72f8594388db66e2db2f2cdf5ad8b983588bea565c080a63cc7697c02e68011357e24c108af6c8126a3ff0001540cac316e62e301ef7236dafcc3901e2f7111e846204ad0d0ec865fa88ae905870c46502706e20144860b7b20d485d82d8a691c2f240361e2c1d148c86730b4b7bcb00c527a408fb100284d27e5000dc8c316aead4ce6fb16dc494d5c626e43c3304ec1dc45e803a4c43dabb0dab52ad9629659dc86b67003bb8a515921823c845153cca9e22d644eed11da1a1abd928bb0ca5c5e3ac5f7412a46bff004288dd2fb9898401c2d9f783119b022c5c18f66205a87853f986d88b0056b768d080f682adfdc26b45da042c13c32f468b4f68f33221ef45bf766c832748efaf339fa19cca812b24ba0952ee2060d54e49b271d38958c428660625e730d08d4320cb9a8e8e0e214470cc46b9626aa54ae58da0d81da1accf944652f2cdf4188f045087a5c105cbec6585eb7a3333ed810baf215284d458b1630c30f50f4b6db70458b162cb8d843dc8cb61e71884c12d79b82c9aa57b4328df68584bb0c57141914fc92aac68131684f721ec00751cb6a2aa2923d781813c617a4b4f784f31dc40a4af90710504dd8370dfd88e90b29f0200d078658a1778aa12b5268ef06a45324b03e620f287c11120fccb970645d5c0006f63c46ba77f687db82c0cc0aa9734040cf02209e853b9676fc950c9c40503fb960818ad20591f08df4051eb33c90a984de17e23a1da22897179d919637e63a8c593c40a52ad65f7895bd356ed72b0e5d205436e9c74b9be95026be81b21462961b8ed95025406fb4bccb8cc6bc31d351ca0b662ae798adf49580ed1de62db9839979b20d0f046c9c4bc4cc1510116420350182ee9b732aa07d8212be5c8d92e44786318c6318c631eaf4a8382318c7a2f2cee8eb02d2b012f8c7c9a82ec9c74fde17509d4add3e08b7431e427763b3b81518f24cbdaeaa09c01c461353b3129e096ad14ac6292f130b0f1094b6616d430d6691b80331d95334298b8c53040684a77662b7642a093cb084106ef0d4b76a5c6e1a6b24209485d8a7acabe09442b02ed2e11bf112f2f7321abc7b3a660ab778b1bca6c4b8016e8c2c3894e322570bf7333bb2f4c8426547966587bcc4582d673e9ed18d287297accc88d85443d26750a17f72296ad3ffa806d6bce0cc164dd99755c1009a5c773538952a543e8b97d174a8cf59819788bda0fb184acc7b4301c4baa6550bc54bfd2e103d93ec08b399c4d10a6104b4e66a12d828b961014c47ca8a2fbd30bff0031cc4fd516208001e9c1c78170c34ca7866cb32788c6318c63d5e8361ee4631016a07765c067e76303d66318f779c4639c76608fe4bd62d886b9d30c541cb494e01cb67e20042f033945cddfd4b06d2283703ca443ba7b3880d00f31cbcf7882ec0386203959d45f8dc043450867ba337acf7a26a069798ebc78873042598b8a1b7936e257bd8622f85ef00227872b978580ba1b98e258162bb9cd1d471dcce5405661ba84ea1e1d2304b02e98979cb032c151740dfa47bd7dc62f81e4dc4755c79b865ea1d113a3c854ccd0f949690944828126d90c478ce045453c8186a8ec11c07982d29370d101de5a1f5445560cff00d6a5d4656de97d3b4e2199436112a5ff00025e106111db2edaef3f032e5c197d2b3304ac4b4a8a0432ad8e199454d68c2bc318693f6ccc4b5c4bf94c421e188d07bad458a47d4885e29a419657ca8414be2318c7eaf2830c4607b562eb3bcc12d2409a51796596d99f9872298f9c618b0cc69ac4f15fa6216693936414f43261202fc75f794185e6822ac42fecee65169a0aeccc2520932f9bbc0cb0306c6894347cc4282fbb482162bc4b2d71dd968a317c655004d2772d401a1925ecbce12aa179773ee584b2779901a272a100496630c18085af497b1b2edd0cfe344b3448e6f10d82eae1ad68580dcd38ad4c5a2d0bb07bc494ed9537046bae011709b2ec3eaca3552883d13e0b99536f79965f73e5e094086fa7480ba03008040a8e433e2515e15a43bfa566ba54aef289a972fe82deadce1085166e592d0f6c4c44d74368e75be0979cf31a8ce7ab99571c31329332b25c33050308a8dd15539c974fbc371a6cbe87c4bf303d59821f60a95e40f0cf4a60711731b0a2a0c4a3016005a13c463f45cfc5d01b5d88222ec81c3cc04513d685375d9b5ee4591889a64761c32fd26a307c21a0c6e318c17909d85f243290e32216aba1464fe257648772bd66f91f12c165d9966faa20200458545d47eca056d4d868976dfdc109a2c193483a97cb0fbba5a403b33590f13508a0ec1a99e21adcce20f7e6007804c3869f59414d958c7abc409451d95c20c0b9f12e4876a6d77a91822ef46642da79581ca9a7e18e50d5959f7a216d2ffee662b673a208dc9a09621da0dbeb0d80f046f08972ea5153d51e4474a1c4b198fd1589eb372c9e12e32e5cb97d0316cbedd32dcc2d351599f6e97165ab0ba92e31655f6949794476caeaee1da54a814866732a6d1f131421a9703987acaacbeb2f332fd3162178943de3598727f7c7815c570dd91f20061947e5d42cb7b350d7dc660586fb31d7558a2e87433106830372e26f93b4c1438edc4cfcbcb1fb45834e39aa54b82afbc6d48f1da8079ebc84d8618c2448314b90c1ef2fc36f6fd580c5bd77ac0347e5cbd6f110057b99998f6e5925bd91ccdda2658241a7b2425ca6d62799cad9165276e60a64413817b41363d8958c786aa13ccee351b0371b26654ecc0800f64bb3b92fb33b98885a3da6981cde625a36bd07a7794585978fd08f814c5998c2b9c8198740e084bba3f8211f3db205bdd802d8788e4405405c25e25893a8cb514b332a54d4b9717a2d620b0972faea045b8bdbadf1c4f826f24b971693c5e26fd6789c663e3a6a2590efd5324a955d1731e1da0c30ce7251e5888170154c00669f594308c276d45763c20b25e9378cbf496205e8f84c730e9494e99da811dd1588609976731419ec40e419ecc16c18075fcc793cc60b07025d9dbcbcc60095a4b186d3e8441643cced1fa10a1dbe0622c20df66fe10957392df11d0afd458c681cac7cc112c6fa29cb8f329dcdb00f78685788fabcc2406e2a3dd95603c7d3c75b95f07844dec90e259343ce0ca17d2ee8206e5a0a38097bbe65594670c794376979609141d92ba9b788aa3c784a802dba996cef389b61d86623cbd62238e59f7195263216bd697002a351142bf9a118e5b5b61441dd68f565e10f24800000d06a7893bc4c4df760b66002c5e23d2b7ca5f1497da5c5c4b65f5beb789c40e972e5c3a352a3399a41a95764af0477399b4bb7a0627aca21389cc362273e89a4b4bf99a9cc5ce20822adce66324314327021821f0b355cbb4d3e22b22f22be52fc3719fe518959c56450b84e21807c1b808b3c9c4701200e08becc725ec07232c8c1cf2ffa9883f21f68fdfb489ecca7da5c63a743661ee4d6a0f97cc55c8707e480aa6cdb67b92fe8be14824c5cff00a528cc74547c6e0217602ba3f4f1f4f32e9c47ea9c0b8aabe6ac96e8bedb943179c0ea56b01cc25323766e2dea8530cc0cded865c0f1531f61d900e822b59de483ee12870de67d63a0d4f081924cde84b0029a0330152f9240c01db6fbc7542e6473619dea18aa2e97156e2e9152bb6e2acb972e3a9c7fc2e5e267a12f11e3a04b5448cbca2e66fa5cbcc1dcbc75e29a890958e8b096c25e610a2c2787d14b816cbcce63b9704b11d299451400e51157241a404b02434cee01491b0b197eef7833e929cfe781f6946336310b30df0d4401738a6ae50780acaa7beec24b17ccceb5df9887e9c6443f1a4947e22917e1f495f4a35d2a61e8da1bf78edb1f49a0000341ff001e3e9e673f45de4e05c55eeaaa3e202f647061b01f2620258cb12f039b83798555e810e0aa3296a3015f148a6c19ab0690038205b79f11ed0e77665f88659dc67389da5030865cc02c65896101d956b2c6fe9bfa165cb97d389c7d1c478f495709860f5477d394e633d25f41cbd7812ed9b669979ae834c773983c4b9707316597d1a4da5c1971c427311332a229ab83cb4956e497efed0f884883d8bf989a33c916e5a8778f696009b88e64fce47a15e85fc47c307925078530426df9977a65bde5bde5bdd9df47663b8bd268c8ff00d79fac883b042e555f6063658e45e21898300688e9478bcb0aa39e576c02e1c06bd632a36074f584c43a050467051dd81e32f760f2865cc01a233708a10d9cc6cc671d2f1d2fa2ff00eaea0e65d4708e0e8ede66efae73d398efa5626ba9b8f473178eab8398b6cbccdb2e8974cc88388334972aa2f28eee56420170084005b9ee4c6a0cbf71a17dd3923259795f1010566ffc23225761095654ca5b3bc47810ee6243abbc01405ef0eb27e830e26a6deb2dfe09a6f9747fe3cffc088901c197b1aaf4411b13965940b5741b66512e6d03e11b797d58ca85b0dbcded0c43e70ef1c285bd45ee63ab7e86d2fa5f5dfd4fd79153965c58b98c5a9ccae999539957d2e2dc3517a5ce712d2ab31b74bc4ba333897165cbccbc4e25d4c32ca044db716a29cc3372a728e11a2e04c8842853c4c985bb9055d0ed0aa899216a774f32ca03fa0949a2e3490a05d88009e09c40443c4c644792066c3c5c325993e9d22c170b9e126cc7d5cce7eb524277665b675644e86e72c4a506021210e5884207dc0ebd202b98c97811a4c209b825cc30615ba87586e52c8b33d2e732fe8f5fa789c7d7cc1a63de5f69e9d3ccbb7a5e3a0ce63d4eb3d2e89799709752dc415e752ce81b62b9c5f4b97d2e704e6724aa7ccb665f4308542312861297188b83a41c5c650458704894d3878e22cba71d8f88f04f262846c4e707cc397f9350b0ced3cc0ca3d9711e02f70848140f116fcfd429a60c339807c7d1cfd48d40e58f91de881cb8ef0851af30ab06009dc83351eb349300a23ac6bbca77b7bca798436258d4237517b081b8db74318c25cbcf4b97d6e7138fa35d6e5d1d2e10a6f530ea5626067a173f46a5c5be9693ca5f697d5d79fa688bda5cc0e8b9731d5612e32f31bbeab8518c619cac708d37f74604578d89c692e3bc1f5458a18c896c5b833f19b3003235e9302d1ac2982332e920dbaf26112170e163438f2c2940be60b649e3ea14d41f30459cfd2a901e0632b460a982fbc32b359a235dd32adf3fc020d1f7bcfb90b5a0b601bf8c06848439801a8b161c6a115b1d65976247718c59747d17d14d6533151c79e7da62a4ecb8ed96df6f7d475c178d580b1ec8d8f98e939ad506e4faa5d288acd53605e20f23b565c3dfd7cc6615ed96a6af793ef0016aa8acd8f189443eaa7cfc3e37df0d5c107d042ce5c889e58daaf84bb9ed59e3099cd478b9f161c95517d8fc41a2ba9a6b856b84bf4cfb79bdac4f67254cae0082daa2b59ec5793715152055150f67d98e00918ea161c981f0866c80c139639d1b9a312d865cc7a54d4be97f45c254b96fd76d4bcc7adf4b832f32f12e5c65e6a6d46ba317b412bccb0c45b95398a8c3d13a2e4108a5b485a12d3512b0c4e39d0d10193e5ddecca5798ab3e621b5c2c51b213b078711a2d17232970f942885f6b864b327521d0583d16929c5c6078d592dc1659c20602ce4665f6aadc5ee4a89e21f013b8eb89c5e0956c2a006e0843e61c637062bb622b8cd30d38cb8cdc7ea14ee2355f22bef2afd4cfe2a6d9e4e4b00ac055ab2be614ccd20323817637ad541ec80be1b761bbfc21096a1702f269bb9a985f62fe57a2b0dfde69f83a3f45da33cf2476ff6848e37c4dadbefe0a4dbb3851f06eafc8f12cf5354addf704657f7cf37cebedd2e11972e5c671f463a5f4b9ce671d0dce7a5f4dbd2a54a952f31cd54b97d2e0d6597997d1772ea5f798ef2845188ee54e63a085288b2ae4f2e182a3cb700c2e69e0dc493473afc4152073b7c47873c0a9a067997721253d1620029de180032e48f7e8756e40e58f070dcb90131680e3ba168f59b72b0590e26014d3f999a0140ea6eac739855a8b2c20830add47388eee2112ee70e87a70660c77d586be86c9eb928bba37b918649477d2ac34f93d189aa59ec1147a01f688362db002f6a7e220d168c282d7a23f11cc5d3e03a7a2fe092d2aea8b1b36570af10a0965770e0cb0bcd196ce6caacf74abacee09b91bfd955bb6bb3ed2f1511a6940f01b4d5de521aa64a33c2c221dacf784844f78197d9f31224e5af6c06797d4e4a233e5bbda6416d0cf0d7ac517044d8651ec16f9b9986a7e1a36bdc6542b00dadf52ecfcc793c64f1191f8e97ff003b97d798fd55186fa5df45973706a5769a8b03198b1f53d56737162191891966d61c422aafe52a22aad19594205c174c64b3b0a1ef1975dfd73168138afe50474c039b20164bee409717999c3af5862917cc12c13bdcb488f113d2580398e129792c2c2eb389bfbec694f04b2318ce5ef0d500ecf697673dcc4008100308b4876c3df32892e1166661e858b986e5cc7739e89d35f5de60e7fe692e5cb97d6a5f5be97f5f1f57172f104e9a9b8f4b8c1ae8447a5f4b6732fb7d572e9c7487bb9a86326652c02a2f0b81431ad732fd230d3798bcc5b0592fdeb21500f443c35e0d43c4b552592c0cf6bc47852a6ee6704ef42fb4a5078d1de30e66d15ee424a00bb193c10b800ac6a5af60892a1063590ed844e63f28b9838419714ad2fa349a4be30f4319de38977d788ee5fd375ff22574bfa41d05c5e3addb3720b5b8cc9483c24e7a2d7fcb5f4f107bcdcbe97165f57a2ce7adcb972e5cbfa06732f33c4d4b441dcd4b2b2292184826a0f2ed0c2a0d9db63230f299f997c5ea07cc55e96d904663059e2d055553093c7672fab023f30150a906f12b24184b9861a846ea14433962df540aa6500729f32f3588009a79cfa4a94259d8147a2d4a7a6eb577f4d6e67561e19bd3294bee281bc07283184a640f9603db83ef144350a66b2df4971fcb1748d6e54c7202a2d59c3d0381d45a85071a7d6e5c92578a847e78f03d1190bb2468266786d2d907b503fc81572b41c0b3a1e5dc15873e0816795a2de5971590952efaabdea2060142aaea5cf5687578bcbed28a6ec6f4e39f1b9bf5c4707493817de3749a6785669dfc3287a8b8c316ef66a2e29a019dace65c34abc037e0b17dbccb11cf545b25803d5e85484d854969d98e74012216aa39d30827543146f2c236129282d92f9ba80e3014a4a081c16732ee18e052d38e71008e5f9da338bc5de71289965a54321e309ab1e7d25ea48c1ab05efcfc1c9026ae0d63dab4727ab05a4dd00ee84035d58103b8ae0203e80412d0532671eb19c622a261abcba7898581205dc4f58db5663b2134f8dc0fd013e9d3f0c65508888d357974f131b1240bb89ebf4df4372b31e9a972f1d2e2cbff00af1d065cbfa350644353908811490b893a5c55f260a6030dace605a84e12e04d83c7283dd91810a56ea8da816b67686ad80d4c42880ba54316a5ad50a36c4b5b370e971632b579598a78670377efdac8026a98408c7a8546562e502803b50105f352ac29fcf0a0c4981e12efb84b14a9f3b3f88c4a850b4e0e7ec196f410955a10556dd9e6588439783689be5ef35ed3f8a887ce07ac0b0306d6b13c2dbef399bd574f509c04fccbb62fa1fd700a06c1bc45b54d6715106e01945807543af2c362a1b70c971977334c028e40709e19fb6efd18cd19e072bc05bed0e0353f7def4d9eef151bd2e3c2543eaa113a6e5cecb70ed8f918d82b0aa8a0f8be2220053cdbebe22df08cad19a9f1bf1e23faf045e2e1719bf7417c15540ad661515a122da7be3d5953f143e2b64c332ee0a4af40d8d0d318d796052ae8b67ef1baac7ab314651aa75fedae9b7f61d984cad1162a0fb84a7f5ab6e0138528f48a2aadf4aedaf4fb224437ca7bf60dac2e88d777afd3b77a21bc51086ce437ad7885fab44c3b15babaf746f18c158e7d9abde01e40e002209cd20fb410e5ae0b7281365fbf985488e2e2c5b5495ec40cb47680217bd4024875965987ed960012d709b9409b2fdfcc3e44f16162daa4af6ebc75bc43501510894cdcaaebc475d1e973897ff1aea19fa79e9750647d19ccc4087122ca804b63054172c45ee121541de6b1cf79cc4018dd50c2a1cdc6d1eb5d28d0572aa7129f88cd03801a25271562426efb2515eb3b7fb06985cbd39e63fd53c110a038b751f9f07060014da635cf31aa2440c158f4724c6639c0a01c182dce256c7cc0372f83ef33b32dc7552a8abde46f9fb12b7b5c303f3855f886836caa5a3166b4730ea2b287840b6c2b14777bc2d6c2295e14bc83c46306d8980682df1173161f18371711b8c4593776ed1fec174bf02f3442e4d399ec1e2f910be50bbcc2ecbcd964cae3e6ab82dbd6efff0049e6ddfcfaf4ff00ca7a33d19614408afb8aa8b67b45a720e637667cafcea54eb7ad555976abd8038eaf0c509552bc71d0acc509551788a8b6380a8dbdff00a4bc43051c948f7cbf30f8f70af81700efbe3b422ea0c2c95e78833e4358aad3edf7625493351b5edc551503025b1296e9d5f8fbf38944b7451b56d77144ac00452d2fc622451509576adc0adcb350ab3badf96f101cc3a25e871665ef47686290b431a4e1cfe35531368af6068e6b557bab8e2e235e1d9e00e75c4a7215418d16e5cad796e62385bc95ae47923debfee1e57beb3f629c4c46bc3b3c01ceb894b43a831a2dcb95af2dcbfa6b704e26a88d3a8e712c41d789c4e3ab398c37f5f3f41d2be8a944ac741778bca2729519881098836a1c6903024606a6e6107846b5b16e56673f46f50d25cbc743ccdd8c73d324463d75d798ebadcb9ccb9738ff00e0bff898b0c151d1833a32fd7c7436c4c788e30451a8e9a98598ed3d789c75310c753ae3af1d2feaae97373886a5ce212ea15acc23b8a6fa0095095fda5e652f731dcb1b436e84e673d41a6a0632e1b86e3c93763d39873052c7a73d2ba32e2fd1cfff002d7d27fc38eb590a750af11531176897dd11bb444ebc75d91cca950fab7399cfd5c4b972e0d4be7aeba732f30a410cb1cc7bd158b7d6fa1f4129454d08742719831e8108e92f2119a2bd5630d0c3a8179acbbac539bac75b6d4b0b2384d9000aa999157482d74bea84534016d5eda0d7557570a20b1782f67567cccef082d1dd741e589667b1fcaafbce251209ff009e620efb323b01b80e912c187b5d9ef516b17408fe2c4bf1be8de1a9847809ab0acb17e17ef0962e540f7114630381521e00dcb46e9616bdaf1ef363e4b4fa22c6080055c01ccca44848fb9fc2005d6a91f5535ef5d154220b2c3e1e9d5ba3c0b3481847687411dd522bb5b17e37040d30147d4c74d4e7fe68727bc3ff004a09fdd3fd88a7f741b8bc2235fc04166c7bc077e8f4b875b86e3d2fa71d38843ae99788eba574e7fef7310dc273d4970d271d09c21b483312000541595fe22985a0b14d62ab1504e22958a23b465f961b66068b4cec632d2b052a76af3d16e673d5e71602d6b999e22f327ca9e3d4d1eec018bb7d07ec07a8cf416c348f8c95e1ef018b816c3e38fc4504b86eccbe415fb3de6301c009ae1e9ac6f71464f651e351bf7b8d865d500289a4b35c92e1b055569bcbc20653947c525486ec8f8c0406c080083bb433a372b11a6991dfa8acf6f2cb4072bcf82b9f5770d52a98312cce2ee9af3047adec0a4334d52deb88242dc2807ab6bf32823a59334406315bf31cfb60bbb10fe20301016d046e52c295a21835a001a0a835747d98d168a17892b12f36ebb4241b941803060658cfacfb47e1ff00723f4f1d5ff8dfd1b9cce6fe8bfa389cff00c0d4e7e9ae951e8623b9afa384f12a10d93523b8bd54641f6e90f7983f4ae6e93b2a2eaf88dbeb59e80ff881671ee1bf64734fab91b5f982a87256312ed65d7a929b25ab4f918fbc4ad6a82c02fbe78940a0a0b744ef44955ed691aa244906ca790c857102f54ed79425a025432b405a06072bcea7f1c7e929bf41972934b586c4e12cc67717460e93e7e8639c807972fc102994caf0ba16580ddb754f28af151a6b69eeadbf9e9cd0e9d2597dbf04f6b06340fbb7eeebcfec1f843fe950c1d5732e5e3e8d12efa7102544e95f454a9ccafa2f137f554afa89cf4bfa49cf4e2712baee707a7418b3706d8b18e56335d540e47f6fd98cae9b6be9e340ae0caf81f7a956a568807d85b5d0708a8abd4ab199fe30d8fdc61e248ad6c26fb71f1d3ce7743f682a1ee51989d9aabcee2be562edd2f7a2204d2a9c5a33f100914588d23197d25deda27e5f69a269a38b7f0b74657965a2e3f632f7dfccb731e01294aed5e0f2f3aef1ee3828aab17383b1dbd7114b22805abda1beb0239a6fd82c1fa1cfec1f843e97fe0d574255c619e8b886a6fd3a71f41f46254a95f4bd3d3af3ff000dc254e3e9ccf5e98bea461a83398b83d20f4d1509a2e2cc6329175b02cd056f98e9f4806aa8f40859f54260e814b1cdd3a1f06467411ab3d6589659e47967edfec8db41b181c91fc39a9632954d425ab58157997d1dc6122640ade5aff532a6213e0f6003da732f9a05f2b0156262bbdc29b3412772d7d033e75339cb414a6d1c760edeb165802b37673a1aaec892ef9bf64047ed2d3b044221a3a15dd2de5dcb2739ee9b7f301fd81014870a9b3d7c31d73e240e2d2c7837de38b9681978c3b060bce58dcb3b2c576080ce8e7715326822b74040fbfde320413a76a30bd51af1411e36a662e25bca42680654ae870c3147fe541e56be00652eb0b086fd83a6d02fce7da52ce5f09c97d8e82c8b4505380533efc420f1612d5777fb399ec34fd06e97aed10d046823567aff00d6fa8d4b1959e989bfa399c43e8aeb72e5e65e25cc7d352a57575f46be8db2aa5f4b8b7a9ae9798f419cf43738e986e1961b8e6368c7a72c76ce7ff9ea54e63ffcdcce65cbe972de97d39972e5f5b973883f45f5b2e5cb972f12e5cb972e5fd1eb0632e5e25d32e5c3e86732fa5dca9a3a5cbb8437394ca317a1b26e9c757e8aff00bdfd77ff00cbcf57e9e3a5cbeb72afa32e5f559737d3987d17398c5fa19c7d38fa6fe9f496c4d9eb1caf4271086d18c62593f887e5d17a9ffd0fff002dd41c4e7a9a87d1c74f3d6a5f69997d6e5f5d4e6732ed952fea66faf3ff002ae98855fd35f4271086fd0c65c713518eafe87fe9c7d1c7d37f53f45fd57398f4e3aee625d32e5df4b9e67a74a6531e9a952e73ff003bcfd3ae8ee5f5edf47138ebc4e271d35d71d2f3f56309b62d4771ea6398fd5cce7ff978ff00e35edd39fa2e7389544f4c16e5cbc66511c6e5f431f592fe83fe3dbe965fd3c4e3aefa6a6fa6efd04373462c747e9f7398ff00f573ff00c1cce7a5598954e63be8f40b835f55ccb716137f53f47138e97f4df4bfa48a259da61959dccdf4bff8eaf4273086e68c669cc7abb4efff0067a71ffc9cc77ff3b820aed35d76c71a9b9589538fa764acf4b97d2ffed72e6e54b8666a71d289e935a976532ba065f5c7d77309798b0f51e8c3e87ffc67fe06269e6739e818beb7da2cbe9cf5b8e84fa38ea7d379eb5f4f1d4cc7063af138e9c4b97133e3adcbfa45438aa9c42109a318f47a11c2face3fe1c7ff0066bfec3be8ebaf1388f437d7861f438fa39fa399cf43eae61a86e3be9cce2768ee7139e8c71d78e8f4e6708ce210e9a318f467309b3eb38e9cce7af3399c7fcf8ff9bd4df4e63aff009fffd9, 0, 'IVA', '16.00', 'Q', 'C:\\miTiket.txt');

-- --------------------------------------------------------

--
-- Estructura de tabla para la tabla `tb_departamentos`
--

CREATE TABLE `tb_departamentos` (
  `id` int(11) NOT NULL,
  `departamento` varchar(30) NOT NULL
) ENGINE=InnoDB DEFAULT CHARSET=latin1;

--
-- Volcado de datos para la tabla `tb_departamentos`
--

INSERT INTO `tb_departamentos` (`id`, `departamento`) VALUES
(1, 'Alta verapaz'),
(2, 'Baja verapaz'),
(3, 'Chimaltenango'),
(4, 'Chiquimula'),
(12, 'El progreso'),
(5, 'Escuintla'),
(6, 'Guatemala'),
(7, 'Huehuetenango'),
(8, 'Izabal'),
(9, 'Jalapa'),
(10, 'Jutiapa'),
(11, 'Peten'),
(13, 'Quezaltenango'),
(14, 'Quiche'),
(15, 'Retalhuleu'),
(16, 'Sacatepequez'),
(17, 'San Marcos'),
(18, 'Santa Rosa'),
(19, 'Solola'),
(20, 'Suchitepequez'),
(21, 'Totonicapan'),
(22, 'Zacapa');

-- --------------------------------------------------------

--
-- Estructura de tabla para la tabla `tb_devoluciones_temporal`
--

CREATE TABLE `tb_devoluciones_temporal` (
  `id` int(11) NOT NULL,
  `idVenta` int(11) NOT NULL,
  `idMovimientoVenta` int(11) NOT NULL,
  `idUsuario` int(11) NOT NULL,
  `fecha` datetime NOT NULL,
  `cantidad` int(11) NOT NULL
) ENGINE=InnoDB DEFAULT CHARSET=latin1;

-- --------------------------------------------------------

--
-- Estructura de tabla para la tabla `tb_inventario`
--

CREATE TABLE `tb_inventario` (
  `id` int(11) NOT NULL,
  `codigo` varchar(13) NOT NULL,
  `descripcion` varchar(60) NOT NULL,
  `costo` decimal(10,2) NOT NULL,
  `precio` decimal(10,2) NOT NULL,
  `precioMayoreo` decimal(10,2) NOT NULL,
  `cantidadMayoreo` int(11) NOT NULL,
  `idDepartamento` int(11) NOT NULL,
  `cantidad` float NOT NULL DEFAULT 0,
  `idTipo` int(11) NOT NULL,
  `idProveedor` int(11) NOT NULL,
  `stockCritico` int(11) NOT NULL DEFAULT 0
) ENGINE=InnoDB DEFAULT CHARSET=latin1;

--
-- Volcado de datos para la tabla `tb_inventario`
--

INSERT INTO `tb_inventario` (`id`, `codigo`, `descripcion`, `costo`, `precio`, `precioMayoreo`, `cantidadMayoreo`, `idDepartamento`, `cantidad`, `idTipo`, `idProveedor`, `stockCritico`) VALUES
(2, '1780105306721', 'y', '1.00', '1.00', '1.00', 1, 1, 270, 1, 1, 1),
(3, '1955465974911', 'libro', '10.00', '15.00', '12.00', 5, 22, 863, 1, 1, 3);

-- --------------------------------------------------------

--
-- Estructura de tabla para la tabla `tb_movimientosventas`
--

CREATE TABLE `tb_movimientosventas` (
  `id` int(11) NOT NULL,
  `idVenta` int(11) NOT NULL,
  `idInventario` int(11) NOT NULL,
  `cantidad` decimal(11,3) NOT NULL,
  `cantidadOfertas` int(11) NOT NULL,
  `costoUnitario` decimal(10,2) NOT NULL DEFAULT 0.00,
  `tipo` tinyint(4) NOT NULL DEFAULT 0,
  `fechaEntrada` datetime DEFAULT NULL,
  `idCompra` int(11) NOT NULL DEFAULT 0
) ENGINE=InnoDB DEFAULT CHARSET=latin1;

--
-- Volcado de datos para la tabla `tb_movimientosventas`
--

INSERT INTO `tb_movimientosventas` (`id`, `idVenta`, `idInventario`, `cantidad`, `cantidadOfertas`, `costoUnitario`, `tipo`, `fechaEntrada`, `idCompra`) VALUES
(1, 1, 1, '2.000', 2, '10.00', 0, NULL, 0),
(2, 2, 1, '2.000', 2, '10.00', 0, NULL, 0),
(3, 2, 2, '2.000', 2, '1.00', 0, NULL, 0),
(4, 3, 1, '1.000', 1, '10.00', 0, NULL, 0),
(5, 3, 2, '1.000', 1, '1.00', 0, NULL, 0),
(6, 4, 1, '1.000', 1, '10.00', 0, NULL, 0),
(7, 4, 2, '1.000', 1, '1.00', 0, NULL, 0),
(9, 6, 1, '1.000', 1, '10.00', 0, NULL, 0),
(10, 7, 1, '1.000', 1, '10.00', 0, NULL, 0),
(11, 8, 1, '1.000', 1, '10.00', 0, NULL, 0),
(12, 9, 2, '1.000', 1, '1.00', 0, NULL, 0),
(13, 10, 1, '1.000', 1, '10.00', 0, NULL, 0),
(14, 11, 1, '1.000', 1, '10.00', 0, NULL, 0),
(15, 12, 1, '1.000', 1, '10.00', 0, NULL, 0),
(16, 13, 1, '1.000', 1, '10.00', 0, NULL, 0),
(17, 14, 1, '1.000', 1, '10.00', 0, NULL, 0),
(18, 15, 1, '1.000', 1, '10.00', 0, NULL, 0),
(19, 16, 1, '1.000', 1, '10.00', 0, NULL, 0),
(20, 17, 1, '1.000', 1, '10.00', 0, NULL, 0),
(21, 18, 1, '1.000', 1, '10.00', 0, NULL, 0),
(22, 19, 1, '1.000', 1, '10.00', 0, NULL, 0),
(23, 20, 2, '1.000', 1, '1.00', 0, NULL, 0),
(24, 21, 2, '1.000', 1, '1.00', 0, NULL, 0),
(25, 22, 2, '1.000', 1, '1.00', 0, NULL, 0),
(26, 23, 2, '1.000', 1, '1.00', 0, NULL, 0),
(27, 24, 1, '1.000', 1, '10.00', 0, NULL, 0),
(28, 25, 1, '1.000', 1, '10.00', 0, NULL, 0),
(29, 26, 1, '1.000', 1, '10.00', 0, NULL, 0),
(30, 27, 2, '1.000', 1, '1.00', 0, NULL, 0),
(31, 28, 1, '1.000', 1, '10.00', 0, NULL, 0),
(32, 29, 1, '1.000', 1, '10.00', 0, NULL, 0),
(33, 30, 1, '1.000', 1, '10.00', 0, NULL, 0),
(34, 31, 1, '1.000', 1, '10.00', 0, NULL, 0),
(35, 32, 2, '1.000', 1, '1.00', 0, NULL, 0),
(36, 33, 2, '1.000', 1, '1.00', 0, NULL, 0),
(37, 34, 2, '1.000', 1, '1.00', 0, NULL, 0),
(38, 35, 2, '2.000', 2, '1.00', 0, NULL, 0),
(39, 36, 2, '1.000', 1, '1.00', 0, NULL, 0),
(40, 37, 1, '1.000', 1, '10.00', 0, NULL, 0),
(41, 38, 2, '1.000', 1, '1.00', 0, NULL, 0),
(42, 39, 2, '1.000', 1, '1.00', 0, NULL, 0),
(43, 40, 2, '1.000', 1, '1.00', 0, NULL, 0),
(44, 41, 2, '1.000', 1, '1.00', 0, NULL, 0),
(45, 42, 1, '1.000', 1, '10.00', 0, NULL, 0),
(46, 43, 1, '1.000', 1, '10.00', 0, NULL, 0),
(47, 44, 2, '2.000', 2, '1.00', 0, NULL, 0),
(48, 44, 1, '1.000', 1, '10.00', 0, NULL, 0),
(49, 45, 2, '1.000', 1, '1.00', 0, NULL, 0),
(50, 46, 2, '1.000', 1, '1.00', 0, NULL, 0),
(51, 46, 1, '1.000', 1, '10.00', 0, NULL, 0),
(52, 47, 1, '1.000', 1, '10.00', 0, NULL, 0),
(53, 48, 1, '1.000', 1, '10.00', 0, NULL, 0),
(54, 49, 1, '1.000', 1, '10.00', 0, NULL, 0),
(55, 50, 2, '2.000', 2, '1.00', 0, NULL, 0),
(57, 51, 1, '1.000', 1, '10.00', 0, NULL, 0),
(58, 51, 2, '1.000', 1, '1.00', 0, NULL, 0),
(59, 52, 1, '1.000', 1, '10.00', 0, NULL, 0),
(60, 52, 2, '1.000', 1, '1.00', 0, NULL, 0),
(61, 53, 2, '1.000', 1, '1.00', 0, NULL, 0),
(62, 53, 1, '1.000', 1, '10.00', 0, NULL, 0),
(63, 54, 2, '1.000', 1, '1.00', 0, NULL, 0),
(64, 54, 1, '1.000', 1, '10.00', 0, NULL, 0),
(65, 55, 2, '1.000', 1, '1.00', 0, NULL, 0),
(66, 55, 1, '1.000', 1, '10.00', 0, NULL, 0),
(67, 56, 1, '1.000', 1, '10.00', 0, NULL, 0),
(68, 57, 1, '1.000', 1, '10.00', 0, NULL, 0),
(69, 58, 2, '1.000', 1, '1.00', 0, NULL, 0),
(70, 58, 1, '2.000', 2, '10.00', 0, NULL, 0),
(71, 59, 2, '1.000', 1, '1.00', 0, NULL, 0),
(72, 59, 1, '1.000', 1, '10.00', 0, NULL, 0),
(73, 61, 2, '1.000', 1, '1.00', 0, NULL, 0),
(74, 62, 2, '1.000', 1, '1.00', 0, NULL, 0),
(75, 60, 2, '1.000', 1, '1.00', 0, NULL, 0),
(76, 65, 3, '2.000', 2, '15.00', 0, NULL, 0),
(77, 65, 2, '1.000', 1, '1.00', 0, NULL, 0),
(78, 66, 3, '12.000', 12, '15.00', 0, NULL, 0),
(79, 66, 2, '16.000', 16, '1.00', 0, NULL, 0),
(80, 67, 3, '124.000', 124, '12.00', 0, NULL, 0),
(81, 67, 2, '200.000', 200, '1.00', 0, NULL, 0),
(82, 68, 2, '1.000', 1, '1.00', 0, NULL, 0),
(83, 69, 3, '1.000', 1, '15.00', 0, NULL, 0);

-- --------------------------------------------------------

--
-- Estructura de tabla para la tabla `tb_movimientos_caja`
--

CREATE TABLE `tb_movimientos_caja` (
  `id` int(11) NOT NULL,
  `tipo` tinyint(1) NOT NULL,
  `monto` decimal(10,2) NOT NULL,
  `fecha` datetime NOT NULL,
  `idUsuario` int(11) NOT NULL,
  `razon` varchar(200) NOT NULL
) ENGINE=InnoDB DEFAULT CHARSET=latin1;

--
-- Volcado de datos para la tabla `tb_movimientos_caja`
--

INSERT INTO `tb_movimientos_caja` (`id`, `tipo`, `monto`, `fecha`, `idUsuario`, `razon`) VALUES
(1, 1, '100.00', '2021-10-19 01:50:52', 2, 'caja'),
(2, 2, '10.00', '2021-10-19 01:51:01', 2, 'caja');

-- --------------------------------------------------------

--
-- Estructura de tabla para la tabla `tb_plazo_tipo`
--

CREATE TABLE `tb_plazo_tipo` (
  `idPlazoTipo` int(11) NOT NULL,
  `unidad` varchar(100) NOT NULL,
  `nombre` varchar(100) NOT NULL
) ENGINE=InnoDB DEFAULT CHARSET=latin1;

--
-- Volcado de datos para la tabla `tb_plazo_tipo`
--

INSERT INTO `tb_plazo_tipo` (`idPlazoTipo`, `unidad`, `nombre`) VALUES
(1, 'Día', 'Días'),
(2, 'Semana', 'Semanas'),
(3, 'Mes', 'Meses');

-- --------------------------------------------------------

--
-- Estructura de tabla para la tabla `tb_precio_compra_temporal`
--

CREATE TABLE `tb_precio_compra_temporal` (
  `id` int(11) NOT NULL,
  `idProducto` int(11) NOT NULL,
  `precioTemporal` decimal(10,0) NOT NULL
) ENGINE=InnoDB DEFAULT CHARSET=latin1;

-- --------------------------------------------------------

--
-- Estructura de tabla para la tabla `tb_proveedores`
--

CREATE TABLE `tb_proveedores` (
  `id` int(11) NOT NULL,
  `nombre` varchar(60) NOT NULL,
  `rfc` varchar(15) NOT NULL,
  `telefono` varchar(10) NOT NULL
) ENGINE=InnoDB DEFAULT CHARSET=latin1;

--
-- Volcado de datos para la tabla `tb_proveedores`
--

INSERT INTO `tb_proveedores` (`id`, `nombre`, `rfc`, `telefono`) VALUES
(1, 'Proveedor demo', 'GDFKG8786689J', '4234234234');

-- --------------------------------------------------------

--
-- Estructura de tabla para la tabla `tb_roles`
--

CREATE TABLE `tb_roles` (
  `id` int(11) NOT NULL,
  `rol` varchar(15) NOT NULL
) ENGINE=InnoDB DEFAULT CHARSET=latin1;

--
-- Volcado de datos para la tabla `tb_roles`
--

INSERT INTO `tb_roles` (`id`, `rol`) VALUES
(1, 'Administrador'),
(2, 'Vendedor'),
(3, 'Reportes');

-- --------------------------------------------------------

--
-- Estructura de tabla para la tabla `tb_temporal_venta`
--

CREATE TABLE `tb_temporal_venta` (
  `id_venta` int(11) NOT NULL,
  `id_usuario` int(11) NOT NULL
) ENGINE=InnoDB DEFAULT CHARSET=utf8;

--
-- Volcado de datos para la tabla `tb_temporal_venta`
--

INSERT INTO `tb_temporal_venta` (`id_venta`, `id_usuario`) VALUES
(1, 1),
(2, 1),
(2, 1),
(3, 1),
(3, 1),
(4, 1),
(4, 1),
(5, 1),
(7, 1),
(8, 1),
(9, 1),
(16, 1),
(17, 1),
(18, 1),
(19, 1),
(20, 1),
(21, 1),
(22, 1),
(23, 1),
(26, 1),
(27, 1),
(28, 1),
(29, 1),
(30, 1),
(31, 1),
(32, 1),
(33, 1),
(34, 1),
(35, 1),
(36, 1),
(37, 1),
(38, 1),
(39, 1),
(40, 1),
(41, 1),
(42, 1),
(43, 1),
(44, 1),
(44, 1),
(45, 1),
(46, 1),
(46, 1),
(51, 1),
(51, 1),
(52, 1),
(52, 1),
(56, 1),
(57, 1),
(65, 1),
(65, 1);

-- --------------------------------------------------------

--
-- Estructura de tabla para la tabla `tb_tipos`
--

CREATE TABLE `tb_tipos` (
  `id` int(11) NOT NULL,
  `nombreTipo` varchar(10) NOT NULL
) ENGINE=InnoDB DEFAULT CHARSET=latin1;

--
-- Volcado de datos para la tabla `tb_tipos`
--

INSERT INTO `tb_tipos` (`id`, `nombreTipo`) VALUES
(1, 'Unidad'),
(2, 'Caja');

-- --------------------------------------------------------

--
-- Estructura de tabla para la tabla `tb_usuarios`
--

CREATE TABLE `tb_usuarios` (
  `id` int(11) NOT NULL,
  `nombre` varchar(70) NOT NULL,
  `username` varchar(20) NOT NULL,
  `pass` varchar(20) NOT NULL,
  `idRol` int(11) NOT NULL,
  `direccion` varchar(254) NOT NULL,
  `telefono` varchar(10) NOT NULL
) ENGINE=InnoDB DEFAULT CHARSET=latin1;

--
-- Volcado de datos para la tabla `tb_usuarios`
--

INSERT INTO `tb_usuarios` (`id`, `nombre`, `username`, `pass`, `idRol`, `direccion`, `telefono`) VALUES
(1, 'Administrador', 'admin', 'qnWn', 1, '', ''),
(2, 'mariela', 'mari', 'qg==', 2, '', ''),
(3, 'sigi', 'sigi', 'qg==', 3, '', '');

-- --------------------------------------------------------

--
-- Estructura de tabla para la tabla `tb_ventas`
--

CREATE TABLE `tb_ventas` (
  `id` int(11) NOT NULL,
  `idUsuario` int(11) NOT NULL,
  `Total` decimal(10,2) NOT NULL DEFAULT 0.00,
  `descuento` decimal(10,2) DEFAULT NULL,
  `nombreImpuesto` varchar(8) DEFAULT NULL,
  `impuestoPorciento` decimal(4,2) NOT NULL DEFAULT 0.00,
  `Fecha` datetime NOT NULL,
  `tipoPago` tinyint(4) NOT NULL DEFAULT 0,
  `impuestoDescuento` decimal(10,2) NOT NULL DEFAULT 0.00,
  `operacionBaucher` varchar(20) DEFAULT NULL,
  `tipoMovimiento` tinyint(4) NOT NULL DEFAULT 0,
  `idCliente` int(11) NOT NULL DEFAULT 1,
  `Credito` int(4) NOT NULL
) ENGINE=InnoDB DEFAULT CHARSET=latin1;

--
-- Volcado de datos para la tabla `tb_ventas`
--

INSERT INTO `tb_ventas` (`id`, `idUsuario`, `Total`, `descuento`, `nombreImpuesto`, `impuestoPorciento`, `Fecha`, `tipoPago`, `impuestoDescuento`, `operacionBaucher`, `tipoMovimiento`, `idCliente`, `Credito`) VALUES
(1, 1, '0.00', NULL, NULL, '0.00', '0000-00-00 00:00:00', 0, '0.00', NULL, 0, 1, 0),
(2, 1, '0.00', NULL, NULL, '0.00', '0000-00-00 00:00:00', 0, '0.00', NULL, 0, 1, 0),
(3, 1, '0.00', NULL, NULL, '0.00', '0000-00-00 00:00:00', 0, '0.00', NULL, 0, 1, 0),
(4, 1, '0.00', NULL, NULL, '0.00', '0000-00-00 00:00:00', 0, '0.00', NULL, 0, 1, 0),
(5, 1, '0.00', NULL, NULL, '0.00', '0000-00-00 00:00:00', 0, '0.00', NULL, 0, 1, 0),
(6, 1, '10.00', '0.00', '', '0.00', '2021-10-14 02:34:36', 0, '0.00', NULL, 0, 1, 0),
(7, 1, '0.00', NULL, NULL, '0.00', '0000-00-00 00:00:00', 0, '0.00', NULL, 0, 1, 0),
(8, 1, '0.00', NULL, NULL, '0.00', '0000-00-00 00:00:00', 0, '0.00', NULL, 0, 1, 0),
(9, 1, '0.00', NULL, NULL, '0.00', '0000-00-00 00:00:00', 0, '0.00', NULL, 0, 1, 0),
(10, 1, '10.00', '0.00', '', '0.00', '2021-10-14 02:51:37', 0, '0.00', NULL, 0, 1, 0),
(11, 1, '10.00', '0.00', '', '0.00', '2021-10-14 03:02:57', 0, '0.00', NULL, 0, 1, 0),
(12, 1, '10.00', '0.00', '', '0.00', '2021-10-14 03:07:15', 0, '0.00', NULL, 0, 1, 0),
(13, 1, '10.00', '0.00', '', '0.00', '2021-10-14 03:07:25', 0, '0.00', NULL, 0, 1, 0),
(14, 1, '10.00', '0.00', '', '0.00', '2021-10-14 03:07:57', 0, '0.00', NULL, 0, 1, 0),
(15, 1, '10.00', '0.00', '', '0.00', '2021-10-14 03:08:35', 0, '0.00', NULL, 0, 1, 0),
(16, 1, '0.00', NULL, NULL, '0.00', '0000-00-00 00:00:00', 0, '0.00', NULL, 0, 1, 0),
(17, 1, '0.00', NULL, NULL, '0.00', '0000-00-00 00:00:00', 0, '0.00', NULL, 0, 1, 0),
(18, 1, '0.00', NULL, NULL, '0.00', '0000-00-00 00:00:00', 0, '0.00', NULL, 0, 1, 0),
(19, 1, '0.00', NULL, NULL, '0.00', '0000-00-00 00:00:00', 0, '0.00', NULL, 0, 1, 0),
(20, 1, '0.00', NULL, NULL, '0.00', '0000-00-00 00:00:00', 0, '0.00', NULL, 0, 1, 0),
(21, 1, '0.00', NULL, NULL, '0.00', '0000-00-00 00:00:00', 0, '0.00', NULL, 0, 1, 0),
(22, 1, '0.00', NULL, NULL, '0.00', '0000-00-00 00:00:00', 0, '0.00', NULL, 0, 1, 0),
(23, 1, '0.00', NULL, NULL, '0.00', '0000-00-00 00:00:00', 0, '0.00', NULL, 0, 1, 0),
(24, 1, '10.00', '0.00', '', '0.00', '2021-10-14 03:14:45', 0, '0.00', NULL, 0, 1, 0),
(25, 1, '10.00', '0.00', '', '0.00', '2021-10-14 03:14:58', 0, '0.00', NULL, 0, 1, 0),
(26, 1, '0.00', NULL, NULL, '0.00', '0000-00-00 00:00:00', 0, '0.00', NULL, 0, 1, 0),
(27, 1, '0.00', NULL, NULL, '0.00', '0000-00-00 00:00:00', 0, '0.00', NULL, 0, 1, 0),
(28, 1, '0.00', NULL, NULL, '0.00', '0000-00-00 00:00:00', 0, '0.00', NULL, 0, 1, 0),
(29, 1, '0.00', NULL, NULL, '0.00', '0000-00-00 00:00:00', 0, '0.00', NULL, 0, 1, 0),
(30, 1, '0.00', NULL, NULL, '0.00', '0000-00-00 00:00:00', 0, '0.00', NULL, 0, 1, 0),
(31, 1, '0.00', NULL, NULL, '0.00', '0000-00-00 00:00:00', 0, '0.00', NULL, 0, 1, 0),
(32, 1, '0.00', NULL, NULL, '0.00', '0000-00-00 00:00:00', 0, '0.00', NULL, 0, 1, 0),
(33, 1, '0.00', NULL, NULL, '0.00', '0000-00-00 00:00:00', 0, '0.00', NULL, 0, 1, 0),
(34, 1, '0.00', NULL, NULL, '0.00', '0000-00-00 00:00:00', 0, '0.00', NULL, 0, 1, 0),
(35, 1, '0.00', NULL, NULL, '0.00', '0000-00-00 00:00:00', 0, '0.00', NULL, 0, 1, 0),
(36, 1, '0.00', NULL, NULL, '0.00', '0000-00-00 00:00:00', 0, '0.00', NULL, 0, 1, 0),
(37, 1, '0.00', NULL, NULL, '0.00', '0000-00-00 00:00:00', 0, '0.00', NULL, 0, 1, 0),
(38, 1, '0.00', NULL, NULL, '0.00', '0000-00-00 00:00:00', 0, '0.00', NULL, 0, 1, 0),
(39, 1, '0.00', NULL, NULL, '0.00', '0000-00-00 00:00:00', 0, '0.00', NULL, 0, 1, 0),
(40, 1, '0.00', NULL, NULL, '0.00', '0000-00-00 00:00:00', 0, '0.00', NULL, 0, 1, 0),
(41, 1, '0.00', NULL, NULL, '0.00', '0000-00-00 00:00:00', 0, '0.00', NULL, 0, 1, 0),
(42, 1, '0.00', NULL, NULL, '0.00', '0000-00-00 00:00:00', 0, '0.00', NULL, 0, 1, 0),
(43, 1, '0.00', NULL, NULL, '0.00', '0000-00-00 00:00:00', 0, '0.00', NULL, 0, 1, 0),
(44, 1, '0.00', NULL, NULL, '0.00', '0000-00-00 00:00:00', 0, '0.00', NULL, 0, 1, 0),
(45, 1, '0.00', NULL, NULL, '0.00', '0000-00-00 00:00:00', 0, '0.00', NULL, 0, 1, 0),
(46, 1, '0.00', NULL, NULL, '0.00', '0000-00-00 00:00:00', 0, '0.00', NULL, 0, 1, 0),
(47, 1, '10.00', '0.00', '', '0.00', '2021-10-14 04:01:19', 0, '0.00', NULL, 0, 1, 0),
(48, 1, '10.00', '0.00', '', '0.00', '2021-10-14 04:01:32', 0, '0.00', NULL, 0, 1, 0),
(49, 1, '10.00', '0.00', '', '0.00', '2021-10-14 04:03:22', 0, '0.00', NULL, 0, 1, 0),
(50, 1, '2.00', '0.00', '', '0.00', '2021-10-14 04:03:58', 0, '0.00', NULL, 0, 1, 0),
(51, 1, '0.00', NULL, NULL, '0.00', '0000-00-00 00:00:00', 0, '0.00', NULL, 0, 1, 0),
(52, 1, '0.00', NULL, NULL, '0.00', '0000-00-00 00:00:00', 0, '0.00', NULL, 0, 1, 0),
(53, 1, '11.00', NULL, '', '0.00', '2021-10-14 04:07:59', 0, '0.00', NULL, 0, 1, 0),
(54, 1, '11.00', NULL, '', '0.00', '2021-10-14 04:08:28', 0, '0.00', NULL, 0, 1, 0),
(55, 1, '11.00', NULL, '', '0.00', '2021-10-14 04:10:30', 0, '0.00', NULL, 0, 1, 0),
(56, 1, '0.00', NULL, NULL, '0.00', '0000-00-00 00:00:00', 0, '0.00', NULL, 0, 1, 0),
(57, 1, '0.00', NULL, NULL, '0.00', '0000-00-00 00:00:00', 0, '0.00', NULL, 0, 1, 0),
(58, 1, '21.00', NULL, '', '0.00', '2021-10-14 04:13:09', 0, '0.00', NULL, 0, 1, 0),
(59, 1, '11.00', NULL, '', '0.00', '2021-10-14 04:14:09', 0, '0.00', NULL, 0, 1, 0),
(60, 1, '1.00', NULL, '', '0.00', '2021-10-19 00:49:13', 0, '0.00', NULL, 0, 1, 0),
(61, 2, '1.00', NULL, '', '0.00', '2021-10-19 00:34:13', 0, '0.00', NULL, 0, 1, 0),
(62, 2, '1.00', NULL, '', '0.00', '2021-10-19 00:34:30', 0, '0.00', NULL, 0, 1, 0),
(63, 2, '0.00', NULL, NULL, '0.00', '0000-00-00 00:00:00', 0, '0.00', NULL, 0, 1, 0),
(64, 3, '0.00', NULL, NULL, '0.00', '0000-00-00 00:00:00', 0, '0.00', NULL, 0, 1, 0),
(65, 1, '0.00', NULL, NULL, '0.00', '0000-00-00 00:00:00', 0, '0.00', NULL, 0, 1, 0),
(66, 1, '196.00', NULL, '', '0.00', '2021-10-19 00:56:19', 0, '0.00', NULL, 0, 1, 0),
(67, 1, '1688.00', NULL, '', '0.00', '2021-10-19 01:03:06', 0, '0.00', NULL, 0, 1, 0),
(68, 1, '1.00', NULL, '', '0.00', '2021-10-19 01:14:52', 0, '0.00', NULL, 0, 1, 0),
(69, 1, '15.00', NULL, '', '0.00', '2021-10-19 01:16:18', 0, '0.00', NULL, 0, 1, 0),
(70, 1, '0.00', NULL, NULL, '0.00', '0000-00-00 00:00:00', 0, '0.00', NULL, 0, 1, 0);

--
-- Índices para tablas volcadas
--

--
-- Indices de la tabla `tb_caja_movimiento`
--
ALTER TABLE `tb_caja_movimiento`
  ADD PRIMARY KEY (`id`),
  ADD KEY `id_caja` (`id_caja`),
  ADD KEY `id_usuario` (`id_usuario`);

--
-- Indices de la tabla `tb_clientes`
--
ALTER TABLE `tb_clientes`
  ADD PRIMARY KEY (`id`);

--
-- Indices de la tabla `tb_config`
--
ALTER TABLE `tb_config`
  ADD PRIMARY KEY (`id`),
  ADD KEY `id` (`id`);

--
-- Indices de la tabla `tb_departamentos`
--
ALTER TABLE `tb_departamentos`
  ADD PRIMARY KEY (`id`),
  ADD UNIQUE KEY `departamento` (`departamento`);

--
-- Indices de la tabla `tb_devoluciones_temporal`
--
ALTER TABLE `tb_devoluciones_temporal`
  ADD PRIMARY KEY (`id`);

--
-- Indices de la tabla `tb_inventario`
--
ALTER TABLE `tb_inventario`
  ADD PRIMARY KEY (`id`),
  ADD UNIQUE KEY `codigo` (`codigo`);

--
-- Indices de la tabla `tb_movimientosventas`
--
ALTER TABLE `tb_movimientosventas`
  ADD PRIMARY KEY (`id`),
  ADD KEY `id_compra` (`idCompra`);

--
-- Indices de la tabla `tb_movimientos_caja`
--
ALTER TABLE `tb_movimientos_caja`
  ADD PRIMARY KEY (`id`);

--
-- Indices de la tabla `tb_plazo_tipo`
--
ALTER TABLE `tb_plazo_tipo`
  ADD PRIMARY KEY (`idPlazoTipo`);

--
-- Indices de la tabla `tb_precio_compra_temporal`
--
ALTER TABLE `tb_precio_compra_temporal`
  ADD PRIMARY KEY (`id`);

--
-- Indices de la tabla `tb_proveedores`
--
ALTER TABLE `tb_proveedores`
  ADD PRIMARY KEY (`id`);

--
-- Indices de la tabla `tb_roles`
--
ALTER TABLE `tb_roles`
  ADD PRIMARY KEY (`id`);

--
-- Indices de la tabla `tb_temporal_venta`
--
ALTER TABLE `tb_temporal_venta`
  ADD KEY `id_venta` (`id_venta`),
  ADD KEY `id_usuario` (`id_usuario`);

--
-- Indices de la tabla `tb_tipos`
--
ALTER TABLE `tb_tipos`
  ADD PRIMARY KEY (`id`);

--
-- Indices de la tabla `tb_usuarios`
--
ALTER TABLE `tb_usuarios`
  ADD PRIMARY KEY (`id`),
  ADD UNIQUE KEY `username` (`username`);

--
-- Indices de la tabla `tb_ventas`
--
ALTER TABLE `tb_ventas`
  ADD PRIMARY KEY (`id`);

--
-- AUTO_INCREMENT de las tablas volcadas
--

--
-- AUTO_INCREMENT de la tabla `tb_caja_movimiento`
--
ALTER TABLE `tb_caja_movimiento`
  MODIFY `id` int(11) NOT NULL AUTO_INCREMENT;

--
-- AUTO_INCREMENT de la tabla `tb_clientes`
--
ALTER TABLE `tb_clientes`
  MODIFY `id` int(11) NOT NULL AUTO_INCREMENT, AUTO_INCREMENT=2;

--
-- AUTO_INCREMENT de la tabla `tb_config`
--
ALTER TABLE `tb_config`
  MODIFY `id` int(11) NOT NULL AUTO_INCREMENT, AUTO_INCREMENT=2;

--
-- AUTO_INCREMENT de la tabla `tb_departamentos`
--
ALTER TABLE `tb_departamentos`
  MODIFY `id` int(11) NOT NULL AUTO_INCREMENT, AUTO_INCREMENT=23;

--
-- AUTO_INCREMENT de la tabla `tb_devoluciones_temporal`
--
ALTER TABLE `tb_devoluciones_temporal`
  MODIFY `id` int(11) NOT NULL AUTO_INCREMENT;

--
-- AUTO_INCREMENT de la tabla `tb_inventario`
--
ALTER TABLE `tb_inventario`
  MODIFY `id` int(11) NOT NULL AUTO_INCREMENT, AUTO_INCREMENT=4;

--
-- AUTO_INCREMENT de la tabla `tb_movimientosventas`
--
ALTER TABLE `tb_movimientosventas`
  MODIFY `id` int(11) NOT NULL AUTO_INCREMENT, AUTO_INCREMENT=84;

--
-- AUTO_INCREMENT de la tabla `tb_movimientos_caja`
--
ALTER TABLE `tb_movimientos_caja`
  MODIFY `id` int(11) NOT NULL AUTO_INCREMENT, AUTO_INCREMENT=3;

--
-- AUTO_INCREMENT de la tabla `tb_plazo_tipo`
--
ALTER TABLE `tb_plazo_tipo`
  MODIFY `idPlazoTipo` int(11) NOT NULL AUTO_INCREMENT, AUTO_INCREMENT=4;

--
-- AUTO_INCREMENT de la tabla `tb_precio_compra_temporal`
--
ALTER TABLE `tb_precio_compra_temporal`
  MODIFY `id` int(11) NOT NULL AUTO_INCREMENT;

--
-- AUTO_INCREMENT de la tabla `tb_proveedores`
--
ALTER TABLE `tb_proveedores`
  MODIFY `id` int(11) NOT NULL AUTO_INCREMENT, AUTO_INCREMENT=2;

--
-- AUTO_INCREMENT de la tabla `tb_roles`
--
ALTER TABLE `tb_roles`
  MODIFY `id` int(11) NOT NULL AUTO_INCREMENT, AUTO_INCREMENT=4;

--
-- AUTO_INCREMENT de la tabla `tb_tipos`
--
ALTER TABLE `tb_tipos`
  MODIFY `id` int(11) NOT NULL AUTO_INCREMENT, AUTO_INCREMENT=3;

--
-- AUTO_INCREMENT de la tabla `tb_usuarios`
--
ALTER TABLE `tb_usuarios`
  MODIFY `id` int(11) NOT NULL AUTO_INCREMENT, AUTO_INCREMENT=4;

--
-- AUTO_INCREMENT de la tabla `tb_ventas`
--
ALTER TABLE `tb_ventas`
  MODIFY `id` int(11) NOT NULL AUTO_INCREMENT, AUTO_INCREMENT=71;
COMMIT;

/*!40101 SET CHARACTER_SET_CLIENT=@OLD_CHARACTER_SET_CLIENT */;
/*!40101 SET CHARACTER_SET_RESULTS=@OLD_CHARACTER_SET_RESULTS */;
/*!40101 SET COLLATION_CONNECTION=@OLD_COLLATION_CONNECTION */;
